"dataset_size_pct","sample_size","feature_space","model","integration_depth","target_precision","resolvedness_threshold","precision_above_threshold","coverage_above_threshold","n_runs_above_threshold","n_total_runs","n_valid_runs","n_eligible_classes","min_runs_above_threshold","common_depth_level"
"100","1","Coupled","agglomerative","12","0.95","","","","0","1200","1200","6","1","12"
"100","1","Coupled","gaussian","13","0.95","0.23650544951682242","1.0","0.029166666666666667","35","1200","1200","6","1","13"
"100","1","Coupled","kmeans","11","0.95","0.321309507439414","0.9534883720930233","0.07166666666666667","86","1200","1200","6","1","11"
"100","10","Coupled","agglomerative","12","0.95","0.23783441164102503","0.9509433962264151","0.44166666666666665","530","1200","1200","6","1","12"
"100","10","Coupled","gaussian","13","0.95","0.15793227442002855","0.95","0.5","600","1200","1200","6","1","13"
"100","10","Coupled","kmeans","12","0.95","0.28318863917217363","0.9506172839506173","0.405","486","1200","1200","6","1","12"
"100","12","Coupled","agglomerative","12","0.95","0.20768576167183428","0.9505962521294719","0.4891666666666667","587","1200","1200","6","1","12"
"100","12","Coupled","gaussian","13","0.95","0.16302789067230297","0.9511400651465798","0.5116666666666667","614","1200","1200","6","1","13"
"100","12","Coupled","kmeans","12","0.95","0.2482892107522463","0.9504273504273504","0.4875","585","1200","1200","6","1","12"
"100","15","Coupled","agglomerative","12","0.95","0.20866853364513221","0.9508196721311475","0.5083333333333333","610","1200","1200","6","1","12"
"100","15","Coupled","gaussian","13","0.95","0.1652523472268829","0.9512987012987013","0.5133333333333333","616","1200","1200","6","1","13"
"100","15","Coupled","kmeans","12","0.95","0.25770990398818294","0.9506802721088435","0.49","588","1200","1200","6","1","12"
"100","18","Coupled","agglomerative","12","0.95","0.19873912978588354","0.95","0.5166666666666667","620","1200","1200","6","1","12"
"100","18","Coupled","gaussian","13","0.95","0.1671110188895118","0.9501607717041801","0.5183333333333333","622","1200","1200","6","1","13"
"100","18","Coupled","kmeans","11","0.95","0.2657174362259538","0.9508474576271186","0.49166666666666664","590","1200","1200","6","1","11"
"100","2","Coupled","agglomerative","12","0.95","0.5199669285171051","1.0","0.0033333333333333335","4","1200","1200","6","1","12"
"100","2","Coupled","gaussian","12","0.95","0.1599935267689773","0.9522613065326633","0.33166666666666667","398","1200","1200","6","1","12"
"100","2","Coupled","kmeans","11","0.95","0.33655540373252835","0.9553571428571429","0.09333333333333334","112","1200","1200","6","1","11"
"100","20","Coupled","agglomerative","12","0.95","0.2383534852982436","0.9510135135135135","0.49333333333333335","592","1200","1200","6","1","12"
"100","20","Coupled","gaussian","13","0.95","0.1622176615386719","0.9507936507936507","0.525","630","1200","1200","6","1","13"
"100","20","Coupled","kmeans","12","0.95","0.247339981294725","0.9506578947368421","0.5066666666666667","608","1200","1200","6","1","12"
"100","22","Coupled","agglomerative","12","0.95","0.19805854297871406","0.950479233226837","0.5216666666666666","626","1200","1200","6","1","12"
"100","22","Coupled","gaussian","13","0.95","0.16557605261891284","0.9507936507936507","0.525","630","1200","1200","6","1","13"
"100","22","Coupled","kmeans","12","0.95","0.2445474916269747","0.9514563106796117","0.515","618","1200","1200","6","1","12"
"100","25","Coupled","agglomerative","12","0.95","0.20037599129405892","0.9506369426751592","0.5233333333333333","628","1200","1200","6","1","12"
"100","25","Coupled","gaussian","13","0.95","0.16996707286917828","0.9506369426751592","0.5233333333333333","628","1200","1200","6","1","13"
"100","25","Coupled","kmeans","12","0.95","0.2658709883770718","0.9509803921568627","0.51","612","1200","1200","6","1","12"
"100","4","Coupled","agglomerative","12","0.95","0.3249938388746933","0.9511111111111111","0.1875","225","1200","1200","6","1","12"
"100","4","Coupled","gaussian","13","0.95","0.13686892864287134","0.9506641366223909","0.43916666666666665","527","1200","1200","6","1","13"
"100","4","Coupled","kmeans","12","0.95","0.23247416361142637","0.9506172839506173","0.3375","405","1200","1200","6","1","12"
"100","5","Coupled","agglomerative","12","0.95","0.3024005047291717","0.952076677316294","0.2608333333333333","313","1200","1200","6","1","12"
"100","5","Coupled","gaussian","13","0.95","0.1491091171966723","0.9501845018450185","0.45166666666666666","542","1200","1200","6","1","13"
"100","5","Coupled","kmeans","12","0.95","0.23945545781784724","0.9505882352941176","0.3541666666666667","425","1200","1200","6","1","12"
"100","7","Coupled","agglomerative","12","0.95","0.28723494478611206","0.9516908212560387","0.345","414","1200","1200","6","1","12"
"100","7","Coupled","gaussian","13","0.95","0.15011117981294636","0.9500860585197934","0.4841666666666667","581","1200","1200","6","1","13"
"100","7","Coupled","kmeans","12","0.95","0.2508027100143457","0.9516129032258065","0.41333333333333333","496","1200","1200","6","1","12"
"25","1","Coupled","agglomerative","8","0.95","0.5733906026928286","1.0","0.0275","33","1200","1200","6","1","8"
"25","1","Coupled","gaussian","7","0.95","0.28477353165039676","0.9597701149425287","0.145","174","1200","1200","6","1","7"
"25","1","Coupled","kmeans","9","0.95","","","","0","1200","1200","6","1","9"
"25","10","Coupled","agglomerative","8","0.95","0.24464260681031053","0.9506172839506173","0.4725","567","1200","1200","6","1","8"
"25","10","Coupled","gaussian","8","0.95","0.25965380253843706","0.9516728624535316","0.4483333333333333","538","1200","1200","6","1","8"
"25","10","Coupled","kmeans","9","0.95","0.2677105649160292","0.9513513513513514","0.4625","555","1200","1200","6","1","9"
"25","12","Coupled","agglomerative","8","0.95","0.26803142667030433","0.966789667896679","0.45166666666666666","542","1200","1200","6","1","8"
"25","12","Coupled","gaussian","8","0.95","0.25956137238217813","0.9508196721311475","0.4575","549","1200","1200","6","1","8"
"25","12","Coupled","kmeans","8","0.95","0.27603126832374075","0.950354609929078","0.47","564","1200","1200","6","1","8"
"25","15","Coupled","agglomerative","8","0.95","0.28954931802292816","0.9514018691588785","0.44583333333333336","535","1200","1200","6","1","8"
"25","15","Coupled","gaussian","8","0.95","0.2796147087339115","0.9514018691588785","0.44583333333333336","535","1200","1200","6","1","8"
"25","15","Coupled","kmeans","9","0.95","0.24281632416138765","0.9501661129568106","0.5016666666666667","602","1200","1200","6","1","9"
"25","18","Coupled","agglomerative","8","0.95","0.27751834422009347","0.9515260323159784","0.46416666666666667","557","1200","1200","6","1","8"
"25","18","Coupled","gaussian","8","0.95","0.29965078351819063","0.9505703422053232","0.43833333333333335","526","1200","1200","6","1","8"
"25","18","Coupled","kmeans","9","0.95","0.2748978285146897","0.951048951048951","0.47706422018348627","572","1200","1199","6","1","9"
"25","2","Coupled","agglomerative","8","0.95","0.5574430123134749","1.0","0.06916666666666667","83","1200","1200","6","1","8"
"25","2","Coupled","gaussian","7","0.95","0.27607685132881327","0.95","0.2833333333333333","340","1200","1200","6","1","7"
"25","2","Coupled","kmeans","9","0.95","0.36859190018280197","0.9508928571428571","0.18666666666666668","224","1200","1200","6","1","9"
"25","20","Coupled","agglomerative","8","0.95","0.282726900027123","0.9507908611599297","0.4741666666666667","569","1200","1200","6","1","8"
"25","20","Coupled","gaussian","8","0.95","0.2932114711296103","0.9502868068833652","0.43583333333333335","523","1200","1200","6","1","8"
"25","20","Coupled","kmeans","9","0.95","0.26627148716178806","0.9506802721088435","0.49","588","1200","1200","6","1","9"
"25","22","Coupled","agglomerative","8","0.95","0.25298563210172","0.9509001636661211","0.5091666666666667","611","1200","1200","6","1","8"
"25","22","Coupled","gaussian","8","0.95","0.29711488237754496","0.9511278195488722","0.44333333333333336","532","1200","1200","6","1","8"
"25","22","Coupled","kmeans","9","0.95","0.26392261081826096","0.9513422818791947","0.49666666666666665","596","1200","1200","6","1","9"
"25","25","Coupled","agglomerative","8","0.95","0.28343892795934944","0.950530035335689","0.4716666666666667","566","1200","1200","6","1","8"
"25","25","Coupled","gaussian","8","0.95","0.29852232442858584","0.9502868068833652","0.43583333333333335","523","1200","1200","6","1","8"
"25","25","Coupled","kmeans","9","0.95","0.2844263867906832","0.951048951048951","0.47706422018348627","572","1200","1199","6","1","9"
"25","4","Coupled","agglomerative","8","0.95","0.30726682662527605","0.951063829787234","0.39166666666666666","470","1200","1200","6","1","8"
"25","4","Coupled","gaussian","7","0.95","0.2677078599297797","0.9504132231404959","0.4033333333333333","484","1200","1200","6","1","7"
"25","4","Coupled","kmeans","9","0.95","0.30513463792415724","0.9512195121951219","0.37583333333333335","451","1200","1200","6","1","9"
"25","5","Coupled","agglomerative","8","0.95","0.2787331237426601","0.951171875","0.4266666666666667","512","1200","1200","6","1","8"
"25","5","Coupled","gaussian","8","0.95","0.23525526435360455","0.9514925373134329","0.44666666666666666","536","1200","1200","6","1","8"
"25","5","Coupled","kmeans","8","0.95","0.3229212913425211","0.9516806722689075","0.39666666666666667","476","1200","1200","6","1","8"
"25","7","Coupled","agglomerative","8","0.95","0.2699698535480838","0.9516441005802708","0.43083333333333335","517","1200","1200","6","1","8"
"25","7","Coupled","gaussian","7","0.95","0.2714925327620685","0.9508506616257089","0.44083333333333335","529","1200","1200","6","1","7"
"25","7","Coupled","kmeans","9","0.95","0.2818751164008282","0.951171875","0.4266666666666667","512","1200","1200","6","1","9"
"50","1","Coupled","agglomerative","9","0.95","","","","0","1200","1200","6","1","9"
"50","1","Coupled","gaussian","10","0.95","0.22923765004159033","0.9515151515151515","0.1375","165","1200","1200","6","1","10"
"50","1","Coupled","kmeans","10","0.95","0.574039257873979","0.9512195121951219","0.034166666666666665","41","1200","1200","6","1","10"
"50","10","Coupled","agglomerative","9","0.95","0.3455139539764693","0.9508928571428571","0.37333333333333335","448","1200","1200","6","1","9"
"50","10","Coupled","gaussian","10","0.95","0.1966344070277204","0.9513422818791947","0.49666666666666665","596","1200","1200","6","1","10"
"50","10","Coupled","kmeans","10","0.95","0.2539429517634493","0.9511343804537522","0.4775","573","1200","1200","6","1","10"
"50","12","Coupled","agglomerative","9","0.95","0.3330877395748737","0.9507186858316222","0.4058333333333333","487","1200","1200","6","1","9"
"50","12","Coupled","gaussian","10","0.95","0.19714202562911876","0.9504132231404959","0.5041666666666667","605","1200","1200","6","1","10"
"50","12","Coupled","kmeans","9","0.95","0.2757889691281399","0.9501779359430605","0.4683333333333333","562","1200","1200","6","1","9"
"50","15","Coupled","agglomerative","9","0.95","0.35440344040487604","0.9538461538461539","0.37916666666666665","455","1200","1200","6","1","9"
"50","15","Coupled","gaussian","10","0.95","0.18483538886705636","0.95","0.5166666666666667","620","1200","1200","6","1","10"
"50","15","Coupled","kmeans","10","0.95","0.250935174267911","0.9515050167224081","0.49833333333333335","598","1200","1200","6","1","10"
"50","18","Coupled","agglomerative","9","0.95","0.3532774744597754","0.9511677282377919","0.3925","471","1200","1200","6","1","9"
"50","18","Coupled","gaussian","10","0.95","0.19054389920528236","0.9505582137161085","0.5225","627","1200","1200","6","1","10"
"50","18","Coupled","kmeans","10","0.95","0.2617268835174183","0.9506578947368421","0.5066666666666667","608","1200","1200","6","1","10"
"50","2","Coupled","agglomerative","9","0.95","0.5746735041052611","1.0","0.0125","15","1200","1200","6","1","9"
"50","2","Coupled","gaussian","10","0.95","0.23065525349220092","0.9607843137254902","0.2975","357","1200","1200","6","1","10"
"50","2","Coupled","kmeans","8","0.95","0.5551145553840341","0.9550561797752809","0.07416666666666667","89","1200","1200","6","1","8"
"50","20","Coupled","agglomerative","9","0.95","0.34394459269592953","0.9501039501039501","0.4008333333333333","481","1200","1200","6","1","9"
"50","20","Coupled","gaussian","10","0.95","0.19039920535991126","0.9507936507936507","0.525","630","1200","1200","6","1","10"
"50","20","Coupled","kmeans","10","0.95","0.25634198502704464","0.9509001636661211","0.5091666666666667","611","1200","1200","6","1","10"
"50","22","Coupled","agglomerative","9","0.95","0.3624074643622469","0.9501133786848073","0.3675","441","1200","1200","6","1","9"
"50","22","Coupled","gaussian","10","0.95","0.18845007020477533","0.9507936507936507","0.525","630","1200","1200","6","1","10"
"50","22","Coupled","kmeans","10","0.95","0.25428591295419434","0.9514563106796117","0.515","618","1200","1200","6","1","10"
"50","25","Coupled","agglomerative","9","0.95","0.3354762351843352","0.9513184584178499","0.41083333333333333","493","1200","1200","6","1","9"
"50","25","Coupled","gaussian","10","0.95","0.21036875369689123","0.9507936507936507","0.525","630","1200","1200","6","1","10"
"50","25","Coupled","kmeans","10","0.95","0.2473912589337539","0.9503205128205128","0.52","624","1200","1200","6","1","10"
"50","4","Coupled","agglomerative","9","0.95","0.34156301210804435","0.9526627218934911","0.2816666666666667","338","1200","1200","6","1","9"
"50","4","Coupled","gaussian","10","0.95","0.2135086885330969","0.9518072289156626","0.415","498","1200","1200","6","1","10"
"50","4","Coupled","kmeans","9","0.95","0.3605758784180921","0.9504643962848297","0.26916666666666667","323","1200","1200","6","1","9"
"50","5","Coupled","agglomerative","9","0.95","0.32812091829632195","0.9512195121951219","0.3416666666666667","410","1200","1200","6","1","9"
"50","5","Coupled","gaussian","9","0.95","0.23272197729136085","0.9515503875968992","0.43","516","1200","1200","6","1","9"
"50","5","Coupled","kmeans","9","0.95","0.3053189611005672","0.9506726457399103","0.37166666666666665","446","1200","1200","6","1","9"
"50","7","Coupled","agglomerative","9","0.95","0.33630806825890447","0.9502262443438914","0.36833333333333335","442","1200","1200","6","1","9"
"50","7","Coupled","gaussian","10","0.95","0.2018087125826828","0.9511754068716094","0.4608333333333333","553","1200","1200","6","1","10"
"50","7","Coupled","kmeans","9","0.95","0.2945535468636495","0.9511201629327902","0.4091666666666667","491","1200","1200","6","1","9"
"75","1","Coupled","agglomerative","10","0.95","0.5127862726691338","0.9682539682539683","0.0525","63","1200","1200","6","1","10"
"75","1","Coupled","gaussian","10","0.95","0.2821694871967174","0.9629629629629629","0.1125","135","1200","1200","6","1","10"
"75","1","Coupled","kmeans","10","0.95","0.4474208064264881","0.9649122807017544","0.0475","57","1200","1200","6","1","10"
"75","10","Coupled","agglomerative","10","0.95","0.30115450228154034","0.9509090909090909","0.4583333333333333","550","1200","1200","6","1","10"
"75","10","Coupled","gaussian","10","0.95","0.2037141482773691","0.9504273504273504","0.4875","585","1200","1200","6","1","10"
"75","10","Coupled","kmeans","11","0.95","0.2660737239958943","0.9504761904761905","0.4375","525","1200","1200","6","1","11"
"75","12","Coupled","agglomerative","10","0.95","0.2897240698272609","0.9501718213058419","0.485","582","1200","1200","6","1","10"
"75","12","Coupled","gaussian","11","0.95","0.17753781239465022","0.9506578947368421","0.5066666666666667","608","1200","1200","6","1","11"
"75","12","Coupled","kmeans","10","0.95","0.3108142021559528","0.95","0.4","480","1200","1200","6","1","10"
"75","15","Coupled","agglomerative","10","0.95","0.30882633127630627","0.954225352112676","0.47333333333333333","568","1200","1200","6","1","10"
"75","15","Coupled","gaussian","10","0.95","0.19532008269272305","0.9513776337115073","0.5141666666666667","617","1200","1200","6","1","10"
"75","15","Coupled","kmeans","10","0.95","0.30791377826479094","0.9507186858316222","0.4058333333333333","487","1200","1200","6","1","10"
"75","18","Coupled","agglomerative","10","0.95","0.29736211952925895","0.9529411764705882","0.49583333333333335","595","1200","1200","6","1","10"
"75","18","Coupled","gaussian","10","0.95","0.18209209293553308","0.9506369426751592","0.5233333333333333","628","1200","1200","6","1","10"
"75","18","Coupled","kmeans","10","0.95","0.3025493720589967","0.9512195121951219","0.41","492","1200","1200","6","1","10"
"75","2","Coupled","agglomerative","10","0.95","0.47015373696119156","0.9509803921568627","0.085","102","1200","1200","6","1","10"
"75","2","Coupled","gaussian","9","0.95","0.276011412057365","0.9501557632398754","0.2675","321","1200","1200","6","1","9"
"75","2","Coupled","kmeans","10","0.95","0.37063052664302865","0.9515151515151515","0.1375","165","1200","1200","6","1","10"
"75","20","Coupled","agglomerative","10","0.95","0.30098650674204264","0.9515050167224081","0.49833333333333335","598","1200","1200","6","1","10"
"75","20","Coupled","gaussian","10","0.95","0.18971399108072473","0.9505582137161085","0.5225","627","1200","1200","6","1","10"
"75","20","Coupled","kmeans","10","0.95","0.3084270156317719","0.9504132231404959","0.4033333333333333","484","1200","1200","6","1","10"
"75","22","Coupled","agglomerative","10","0.95","0.30538006328316347","0.9514237855946399","0.4975","597","1200","1200","6","1","10"
"75","22","Coupled","gaussian","10","0.95","0.2168646302359169","0.9502407704654896","0.5191666666666667","623","1200","1200","6","1","10"
"75","22","Coupled","kmeans","11","0.95","0.28844340868009355","0.9508506616257089","0.44083333333333335","529","1200","1200","6","1","11"
"75","25","Coupled","agglomerative","10","0.95","0.3092441999119736","0.9504132231404959","0.5041666666666667","605","1200","1200","6","1","10"
"75","25","Coupled","gaussian","11","0.95","0.18592542161617406","0.9508716323296355","0.5258333333333334","631","1200","1200","6","1","11"
"75","25","Coupled","kmeans","10","0.95","0.31734200163545856","0.9513742071881607","0.39416666666666667","473","1200","1200","6","1","10"
"75","4","Coupled","agglomerative","10","0.95","0.30544186549698904","0.9513513513513514","0.30833333333333335","370","1200","1200","6","1","10"
"75","4","Coupled","gaussian","10","0.95","0.2134572757731359","0.9515151515151515","0.4125","495","1200","1200","6","1","10"
"75","4","Coupled","kmeans","10","0.95","0.3264164276074696","0.9506578947368421","0.25333333333333335","304","1200","1200","6","1","10"
"75","5","Coupled","agglomerative","10","0.95","0.28983609102839564","0.9515418502202643","0.37833333333333335","454","1200","1200","6","1","10"
"75","5","Coupled","gaussian","10","0.95","0.22273343943440302","0.950592885375494","0.4216666666666667","506","1200","1200","6","1","10"
"75","5","Coupled","kmeans","10","0.95","0.34436846213617966","0.95","0.25","300","1200","1200","6","1","10"
"75","7","Coupled","agglomerative","10","0.95","0.298499392393112","0.9567779960707269","0.4241666666666667","509","1200","1200","6","1","10"
"75","7","Coupled","gaussian","10","0.95","0.207453310096344","0.9507299270072993","0.45666666666666667","548","1200","1200","6","1","10"
"75","7","Coupled","kmeans","10","0.95","0.31725852331452253","0.9519450800915332","0.3641666666666667","437","1200","1200","6","1","10"
