"dataset_size_pct","sample_size","feature_space","model","case","n_runs","margin_mean","margin_std","margin_median","true_positive_fraction"
"100","1","Coupled","agglomerative","negative","600","0.10952160967342704","0.09436991908835224","0.09881991466378098","0.0"
"100","1","Coupled","agglomerative","positive","600","0.15710878679047022","0.1245109227062126","0.1284939055337425","0.7833333333333333"
"100","1","Coupled","gaussian","negative","600","0.03543461954622522","0.03947557198070742","0.0214843118152436","0.0"
"100","1","Coupled","gaussian","positive","600","0.10809495497523017","0.07850447176258485","0.09244017040033908","0.7433333333333333"
"100","1","Coupled","kmeans","negative","600","0.10057708234160448","0.0919544544924155","0.054525805902147215","0.0"
"100","1","Coupled","kmeans","positive","600","0.16531438048107563","0.13448338367741747","0.1295575916147296","0.725"
"100","10","Coupled","agglomerative","negative","600","0.09694505396180922","0.07620801965218045","0.07780330618543432","0.0"
"100","10","Coupled","agglomerative","positive","600","0.37346920500236774","0.13353701359930584","0.36905951238696577","1.0"
"100","10","Coupled","gaussian","negative","600","0.06807225198221165","0.050816349637347484","0.05820029449915623","0.0"
"100","10","Coupled","gaussian","positive","600","0.3069286327037916","0.08234762091162018","0.32145503763899674","1.0"
"100","10","Coupled","kmeans","negative","600","0.10525164459457925","0.08006665792277624","0.08882134781146189","0.0"
"100","10","Coupled","kmeans","positive","600","0.37271719527845737","0.13179241407473666","0.35069589491842057","1.0"
"100","12","Coupled","agglomerative","negative","600","0.08318529530225253","0.06340208907118997","0.07601307025768464","0.0"
"100","12","Coupled","agglomerative","positive","600","0.38996159206898284","0.13169981333642836","0.37983151552247185","1.0"
"100","12","Coupled","gaussian","negative","600","0.06624953306369892","0.05153598299281387","0.05484715791809533","0.0"
"100","12","Coupled","gaussian","positive","600","0.32479316795633134","0.07762487368844641","0.33407301892793256","1.0"
"100","12","Coupled","kmeans","negative","600","0.10043266843208952","0.07340191560729681","0.083200048335137","0.0"
"100","12","Coupled","kmeans","positive","600","0.39131301931407064","0.1251134431615933","0.35932853440114065","1.0"
"100","15","Coupled","agglomerative","negative","600","0.07919043192494801","0.06351820050276068","0.06613740010714189","0.0"
"100","15","Coupled","agglomerative","positive","600","0.40897028976806815","0.13172109869795628","0.3922081650042716","1.0"
"100","15","Coupled","gaussian","negative","600","0.07141831700276131","0.053243607543849346","0.061464633121406154","0.0"
"100","15","Coupled","gaussian","positive","600","0.34478679160530074","0.08110801913385857","0.3553984755997297","1.0"
"100","15","Coupled","kmeans","negative","600","0.0959791819467924","0.07546090220735349","0.08094590635146565","0.0"
"100","15","Coupled","kmeans","positive","600","0.41154776603327203","0.1262899906245701","0.37662025834153134","1.0"
"100","18","Coupled","agglomerative","negative","600","0.0792581502086551","0.06288830979512024","0.06836215017420477","0.0"
"100","18","Coupled","agglomerative","positive","600","0.4220050900583428","0.13179889541340023","0.4157388974672932","1.0"
"100","18","Coupled","gaussian","negative","600","0.07070613671459774","0.05179728144343132","0.06049793180776637","0.0"
"100","18","Coupled","gaussian","positive","600","0.35937410300250977","0.0858983329015878","0.3645532522380843","1.0"
"100","18","Coupled","kmeans","negative","600","0.10107300329143012","0.07851948753912531","0.08814967249729677","0.0"
"100","18","Coupled","kmeans","positive","600","0.436962215368933","0.13228350796712923","0.40956387162039165","1.0"
"100","2","Coupled","agglomerative","negative","600","0.12856829303996392","0.09384675467515396","0.1153222336096078","0.0"
"100","2","Coupled","agglomerative","positive","600","0.2210853849324263","0.12464782645520445","0.21705232193460117","0.9"
"100","2","Coupled","gaussian","negative","600","0.04334650522715769","0.04431126521080287","0.026528990489937287","0.0"
"100","2","Coupled","gaussian","positive","600","0.17742356638666712","0.08764497361558338","0.19567689815539108","0.925"
"100","2","Coupled","kmeans","negative","600","0.10876612633304608","0.08855403684159531","0.07489211643473052","0.0"
"100","2","Coupled","kmeans","positive","600","0.2283957243514555","0.14148540101038543","0.2202293636128394","0.9183333333333333"
"100","20","Coupled","agglomerative","negative","600","0.08248674963359133","0.06793387617796216","0.06901645322153535","0.0"
"100","20","Coupled","agglomerative","positive","600","0.4226048390312644","0.13027161945613347","0.4077777364530758","1.0"
"100","20","Coupled","gaussian","negative","600","0.06812966740333845","0.05006199544285413","0.059180724167718815","0.0"
"100","20","Coupled","gaussian","positive","600","0.37052096324827116","0.08280343305047125","0.3745962839028163","1.0"
"100","20","Coupled","kmeans","negative","600","0.09924727132664614","0.07267303618952042","0.08939924736960153","0.0"
"100","20","Coupled","kmeans","positive","600","0.4314098391302799","0.12542194453460803","0.4032509176887429","1.0"
"100","22","Coupled","agglomerative","negative","600","0.0781233204200084","0.06247540671326036","0.0688794520830952","0.0"
"100","22","Coupled","agglomerative","positive","600","0.4365620259784342","0.13378971006273582","0.42104579091454775","1.0"
"100","22","Coupled","gaussian","negative","600","0.0720752030554378","0.05199369412818176","0.06040556972730296","0.0"
"100","22","Coupled","gaussian","positive","600","0.37982102160713915","0.08404946017551262","0.39149890156094735","1.0"
"100","22","Coupled","kmeans","negative","600","0.10425803016169684","0.07225313760758977","0.094611268709968","0.0"
"100","22","Coupled","kmeans","positive","600","0.44161697928070726","0.12303561671780963","0.4090767969976625","1.0"
"100","25","Coupled","agglomerative","negative","600","0.07697835512510924","0.06352435202360779","0.06270226643456775","0.0"
"100","25","Coupled","agglomerative","positive","600","0.4439244881967005","0.13175134483327244","0.42620887158006754","1.0"
"100","25","Coupled","gaussian","negative","600","0.07108212874716613","0.052931630442452755","0.05830792647646656","0.0"
"100","25","Coupled","gaussian","positive","600","0.3885396573085495","0.08802120489022384","0.3929401355279605","1.0"
"100","25","Coupled","kmeans","negative","600","0.09869554768442385","0.07208286364783113","0.08918852193047036","0.0"
"100","25","Coupled","kmeans","positive","600","0.44469321320448957","0.12327978559972573","0.41294361389410883","1.0"
"100","4","Coupled","agglomerative","negative","600","0.12111383740100126","0.08744819182226439","0.1037920102594784","0.0"
"100","4","Coupled","agglomerative","positive","600","0.289468240314263","0.13840892343371725","0.2884829537958156","0.965"
"100","4","Coupled","gaussian","negative","600","0.04768323328735947","0.04423375205025952","0.029246105188885554","0.0"
"100","4","Coupled","gaussian","positive","600","0.2226585828380689","0.08251347573999604","0.23790132465834302","0.9833333333333333"
"100","4","Coupled","kmeans","negative","600","0.09900865549743602","0.07030405035298401","0.08892359094890778","0.0"
"100","4","Coupled","kmeans","positive","600","0.2814625421632334","0.1369484899157152","0.2722453948611844","0.9866666666666667"
"100","5","Coupled","agglomerative","negative","600","0.11652240286000257","0.08569093558903298","0.097157320459892","0.0"
"100","5","Coupled","agglomerative","positive","600","0.30687153274196927","0.13854328491973916","0.30073542279790333","0.9883333333333333"
"100","5","Coupled","gaussian","negative","600","0.05817827512751182","0.049356795474278736","0.0458446365222471","0.0"
"100","5","Coupled","gaussian","positive","600","0.24188993845142037","0.07937745941815182","0.2553529511397892","0.9866666666666667"
"100","5","Coupled","kmeans","negative","600","0.10632438651165171","0.07569200773144323","0.09657902269645335","0.0"
"100","5","Coupled","kmeans","positive","600","0.30172012383635133","0.13470497264793166","0.29042840169594786","0.9933333333333333"
"100","7","Coupled","agglomerative","negative","600","0.10919249061620562","0.08234889879901307","0.0911039717256669","0.0"
"100","7","Coupled","agglomerative","positive","600","0.34350679420100305","0.13603231548024308","0.3357646216269284","0.9983333333333333"
"100","7","Coupled","gaussian","negative","600","0.058148622527068705","0.04729588737583948","0.050098729919716006","0.0"
"100","7","Coupled","gaussian","positive","600","0.2749453454140001","0.07874501688259988","0.28884469374184724","0.9983333333333333"
"100","7","Coupled","kmeans","negative","600","0.10948520952886205","0.07265366357983849","0.10065113597064132","0.0"
"100","7","Coupled","kmeans","positive","600","0.342640067830397","0.13037162685470818","0.3243927500701004","0.9983333333333333"
"25","1","Coupled","agglomerative","negative","600","0.17996079161452286","0.11845872028292671","0.18063659600187823","0.0"
"25","1","Coupled","agglomerative","positive","600","0.30418940303346764","0.1344155711129636","0.29980105036181715","0.77"
"25","1","Coupled","gaussian","negative","600","0.09030113103519884","0.0685948523474446","0.07289279254708511","0.0"
"25","1","Coupled","gaussian","positive","600","0.1933869629729117","0.13420506951670044","0.15830274519976073","0.8216666666666667"
"25","1","Coupled","kmeans","negative","600","0.140009016070858","0.10121462425908316","0.11522626939658238","0.0"
"25","1","Coupled","kmeans","positive","600","0.2379131419162657","0.12422961212279757","0.24812900383100064","0.73"
"25","10","Coupled","agglomerative","negative","600","0.11321590225649408","0.08602868897597876","0.09870465701350656","0.0"
"25","10","Coupled","agglomerative","positive","600","0.4916853424411162","0.1623029960487302","0.4987587686976588","1.0"
"25","10","Coupled","gaussian","negative","600","0.10185946080022176","0.07978282629588139","0.08631213514556121","0.0"
"25","10","Coupled","gaussian","positive","600","0.4374114156641311","0.1371240375723182","0.4567529070655474","1.0"
"25","10","Coupled","kmeans","negative","600","0.10961324122183196","0.07872113339860352","0.09498795859177123","0.0"
"25","10","Coupled","kmeans","positive","600","0.4610332213821374","0.1339269655574796","0.4773965173427194","1.0"
"25","12","Coupled","agglomerative","negative","600","0.11032304044679338","0.08792818615414569","0.08571837499931856","0.0"
"25","12","Coupled","agglomerative","positive","600","0.50172272103855","0.16364557512412525","0.5105272547558124","1.0"
"25","12","Coupled","gaussian","negative","600","0.10577230768597984","0.08045068384685262","0.09533940670388957","0.0"
"25","12","Coupled","gaussian","positive","600","0.4544846740182368","0.1376370516338357","0.4727322640765693","1.0"
"25","12","Coupled","kmeans","negative","600","0.11580958148653153","0.08038705406129895","0.10072469335179779","0.0"
"25","12","Coupled","kmeans","positive","600","0.47119262655872746","0.13548172893395846","0.4937588116440004","1.0"
"25","15","Coupled","agglomerative","negative","600","0.11510824525387198","0.0909176604512125","0.0971551650364873","0.0"
"25","15","Coupled","agglomerative","positive","600","0.5091896085221713","0.16494638053792152","0.518664691655343","1.0"
"25","15","Coupled","gaussian","negative","600","0.10937067739745214","0.0813402616253622","0.09649415578560205","0.0"
"25","15","Coupled","gaussian","positive","600","0.4623046486020527","0.137604437657678","0.47834069591477024","1.0"
"25","15","Coupled","kmeans","negative","600","0.10865319474183989","0.07663395306542192","0.0957548747945475","0.0"
"25","15","Coupled","kmeans","positive","600","0.4811532830409124","0.1309177383265308","0.5017192918135018","1.0"
"25","18","Coupled","agglomerative","negative","600","0.10923282812202205","0.08882019960584368","0.08951771204703238","0.0"
"25","18","Coupled","agglomerative","positive","600","0.5161819519697319","0.16814812501543047","0.5313669547315499","1.0"
"25","18","Coupled","gaussian","negative","600","0.11368340092544817","0.08698269732532521","0.09880423625468543","0.0"
"25","18","Coupled","gaussian","positive","600","0.47480451518361927","0.1433362400713605","0.4920612365024443","1.0"
"25","18","Coupled","kmeans","negative","600","0.11677994809175925","0.08299246893690172","0.1029058944802892","0.0"
"25","18","Coupled","kmeans","positive","600","0.48189454584169483","0.13369981184665555","0.5015250962044795","1.0"
"25","2","Coupled","agglomerative","negative","600","0.17143027575337452","0.11867925937836442","0.14950979841367715","0.0"
"25","2","Coupled","agglomerative","positive","600","0.3534388870821864","0.16803146764009008","0.35788353424603336","0.9"
"25","2","Coupled","gaussian","negative","600","0.09434679221695969","0.06924930718467992","0.0788407768775137","0.0"
"25","2","Coupled","gaussian","positive","600","0.2801761950066729","0.14352436811970953","0.29495033081624156","0.9183333333333333"
"25","2","Coupled","kmeans","negative","600","0.12843546300794353","0.09580416898717871","0.10496752555103714","0.0"
"25","2","Coupled","kmeans","positive","600","0.2995452171538939","0.14163413578524087","0.3108465466531498","0.89"
"25","20","Coupled","agglomerative","negative","600","0.1105457190498595","0.08810913489263814","0.08939784453733783","0.0"
"25","20","Coupled","agglomerative","positive","600","0.5228816278125745","0.16259859454447095","0.5325015940664033","1.0"
"25","20","Coupled","gaussian","negative","600","0.10937671204897732","0.08162112754359284","0.09233754093023291","0.0"
"25","20","Coupled","gaussian","positive","600","0.4805443325129763","0.14095924239838573","0.5002380267538556","1.0"
"25","20","Coupled","kmeans","negative","600","0.11103388878081996","0.0804512433480976","0.09702172847443002","0.0"
"25","20","Coupled","kmeans","positive","600","0.4892767991487929","0.13192680891892256","0.5021589213475495","1.0"
"25","22","Coupled","agglomerative","negative","600","0.10140146377515082","0.07893409845188312","0.07835559434443773","0.0"
"25","22","Coupled","agglomerative","positive","600","0.5238399055576993","0.16552592445610545","0.5424437355830246","1.0"
"25","22","Coupled","gaussian","negative","600","0.11046036224723288","0.08348817063106484","0.09573144425423089","0.0"
"25","22","Coupled","gaussian","positive","600","0.4860564565477995","0.14304016849615153","0.5045062082530706","1.0"
"25","22","Coupled","kmeans","negative","600","0.11388155893958497","0.0806226801637169","0.09804954076208111","0.0"
"25","22","Coupled","kmeans","positive","600","0.4937063226261648","0.1286648183591033","0.516198590871534","1.0"
"25","25","Coupled","agglomerative","negative","600","0.10824300030976594","0.08791602527863057","0.07741076013341538","0.0"
"25","25","Coupled","agglomerative","positive","600","0.5265010657639315","0.16971755979212916","0.5447153765417582","1.0"
"25","25","Coupled","gaussian","negative","600","0.11141518821016641","0.08715729473562481","0.09646246156068414","0.0"
"25","25","Coupled","gaussian","positive","600","0.48974743976749785","0.14539247201165623","0.5049498619320176","1.0"
"25","25","Coupled","kmeans","negative","600","0.11380813617838595","0.08619716677396734","0.09689641274038308","0.0"
"25","25","Coupled","kmeans","positive","600","0.4938558803101884","0.13091613773499616","0.511665008031478","1.0"
"25","4","Coupled","agglomerative","negative","600","0.1510935491664764","0.10152459516476087","0.1327176468952325","0.0"
"25","4","Coupled","agglomerative","positive","600","0.4132630103230053","0.17279743820286533","0.42330746252680806","0.985"
"25","4","Coupled","gaussian","negative","600","0.09129184902200596","0.07577804509323675","0.06983128038011763","0.0"
"25","4","Coupled","gaussian","positive","600","0.3606271333176933","0.14241221997077388","0.37914802043093776","0.9766666666666667"
"25","4","Coupled","kmeans","negative","600","0.11790836900333442","0.08952120503107616","0.0936833076796937","0.0"
"25","4","Coupled","kmeans","positive","600","0.37211505454143584","0.14895820002621","0.39645441924561486","0.9883333333333333"
"25","5","Coupled","agglomerative","negative","600","0.13586031221768924","0.09825980112501015","0.11320366529678633","0.0"
"25","5","Coupled","agglomerative","positive","600","0.4378464324009878","0.16638107112338948","0.44478186119778024","0.9966666666666667"
"25","5","Coupled","gaussian","negative","600","0.0892841337914608","0.0712023692256286","0.07449518703391333","0.0"
"25","5","Coupled","gaussian","positive","600","0.3781074433953615","0.1319194942572561","0.39982700626356443","0.99"
"25","5","Coupled","kmeans","negative","600","0.12429345151098661","0.09086843747976654","0.10427894098445398","0.0"
"25","5","Coupled","kmeans","positive","600","0.4068841741664178","0.15184301408478745","0.4293205978056304","0.9933333333333333"
"25","7","Coupled","agglomerative","negative","600","0.12536486151503948","0.09707299615197494","0.10143956292822714","0.0"
"25","7","Coupled","agglomerative","positive","600","0.46316780525338375","0.16874974291100647","0.4762746003905998","1.0"
"25","7","Coupled","gaussian","negative","600","0.10271846606814174","0.0828697460516464","0.08075619716422011","0.0"
"25","7","Coupled","gaussian","positive","600","0.4147828656534337","0.1485188053414358","0.43969116272912656","0.9866666666666667"
"25","7","Coupled","kmeans","negative","600","0.1127494771974764","0.08414046793094306","0.09512711283085765","0.0"
"25","7","Coupled","kmeans","positive","600","0.4271027699423947","0.1462133724042225","0.442860088907434","0.9966666666666667"
"50","1","Coupled","agglomerative","negative","600","0.19926279890871296","0.117264550690996","0.17158031135341828","0.0"
"50","1","Coupled","agglomerative","positive","600","0.2499094120828102","0.14109738123762652","0.2487118010377326","0.8366666666666667"
"50","1","Coupled","gaussian","negative","600","0.08338781199253274","0.06929750420257437","0.06566045640422288","0.0"
"50","1","Coupled","gaussian","positive","600","0.15579925389076968","0.0994785577303977","0.17590972623543716","0.7816666666666666"
"50","1","Coupled","kmeans","negative","600","0.12085429318300264","0.11449711550829207","0.08425938176315548","0.0"
"50","1","Coupled","kmeans","positive","600","0.2203981365803152","0.15570607339942472","0.19848938817996184","0.7716666666666666"
"50","10","Coupled","agglomerative","negative","600","0.15027055774836004","0.11445794579795608","0.11864256559858843","0.0"
"50","10","Coupled","agglomerative","positive","600","0.43260070248679244","0.13476418928088443","0.4334798142767478","1.0"
"50","10","Coupled","gaussian","negative","600","0.08052377291769812","0.060754860208977246","0.06760400479444718","0.0"
"50","10","Coupled","gaussian","positive","600","0.39298105205093903","0.1065337440268711","0.4210239764326686","1.0"
"50","10","Coupled","kmeans","negative","600","0.12307221185419702","0.07337344633076219","0.11606558663088531","0.0"
"50","10","Coupled","kmeans","positive","600","0.4255299894116993","0.14413416889510028","0.41236156106091515","1.0"
"50","12","Coupled","agglomerative","negative","600","0.14265990177175783","0.11124821148491322","0.10990851115971881","0.0"
"50","12","Coupled","agglomerative","positive","600","0.4477664529726378","0.13131319910718678","0.447970587306908","1.0"
"50","12","Coupled","gaussian","negative","600","0.0819093225426805","0.05919605196627282","0.07029455088818043","0.0"
"50","12","Coupled","gaussian","positive","600","0.41151061138704487","0.10624704413746662","0.44056591288416236","1.0"
"50","12","Coupled","kmeans","negative","600","0.1306012116572166","0.08062020725459111","0.12489687665013768","0.0"
"50","12","Coupled","kmeans","positive","600","0.44601572112774696","0.13790577446474428","0.4439453444076588","1.0"
"50","15","Coupled","agglomerative","negative","600","0.15212947163581372","0.11526080011589533","0.1255110394807937","0.0"
"50","15","Coupled","agglomerative","positive","600","0.45650481375924995","0.13103265777699216","0.4714738686499233","1.0"
"50","15","Coupled","gaussian","negative","600","0.08232715708282758","0.056643741120200194","0.07245456647943267","0.0"
"50","15","Coupled","gaussian","positive","600","0.4323824471191086","0.10910734847946905","0.46082830878050274","1.0"
"50","15","Coupled","kmeans","negative","600","0.12030672056651547","0.07519532189294018","0.11409159592515178","0.0"
"50","15","Coupled","kmeans","positive","600","0.4522413241748137","0.13329426304868763","0.44730878396331347","1.0"
"50","18","Coupled","agglomerative","negative","600","0.1552208407063692","0.110896418387795","0.13090385663508805","0.0"
"50","18","Coupled","agglomerative","positive","600","0.4675479608740905","0.12780971230744045","0.4830250081434566","1.0"
"50","18","Coupled","gaussian","negative","600","0.0865363269001173","0.05579209551126088","0.07647307937453385","0.0"
"50","18","Coupled","gaussian","positive","600","0.4500241468661271","0.10669821785057641","0.4760130532379283","1.0"
"50","18","Coupled","kmeans","negative","600","0.12084988167554951","0.07897015948886595","0.11329599509299518","0.0"
"50","18","Coupled","kmeans","positive","600","0.4614459673289109","0.1315229375532141","0.45179392460094225","1.0"
"50","2","Coupled","agglomerative","negative","600","0.18166538677070077","0.12391741895089298","0.170107035535548","0.0"
"50","2","Coupled","agglomerative","positive","600","0.3064350256181598","0.14847959128794105","0.30400356610533164","0.9383333333333334"
"50","2","Coupled","gaussian","negative","600","0.08050157091978584","0.06788955845669269","0.0657223382960822","0.0"
"50","2","Coupled","gaussian","positive","600","0.2269385888479932","0.10199710703465252","0.2483481726455145","0.95"
"50","2","Coupled","kmeans","negative","600","0.16173751211040538","0.12899297335430132","0.12900361982602618","0.0"
"50","2","Coupled","kmeans","positive","600","0.3200332320705184","0.18028983124307216","0.3115937815475206","0.925"
"50","20","Coupled","agglomerative","negative","600","0.1570874733446227","0.11103398544947952","0.13366043410914855","0.0"
"50","20","Coupled","agglomerative","positive","600","0.46910609408768605","0.1291633136867285","0.4854776793565139","1.0"
"50","20","Coupled","gaussian","negative","600","0.08992732747632463","0.05670279363927655","0.08415007997667862","0.0"
"50","20","Coupled","gaussian","positive","600","0.4573773591519291","0.1069568513810615","0.4889124285452907","1.0"
"50","20","Coupled","kmeans","negative","600","0.11834298029784461","0.07556050498372126","0.10783044209042117","0.0"
"50","20","Coupled","kmeans","positive","600","0.46228538467791114","0.1304491215722443","0.4578158668291108","1.0"
"50","22","Coupled","agglomerative","negative","600","0.16195855322882516","0.11100799615317937","0.1414319342626549","0.0"
"50","22","Coupled","agglomerative","positive","600","0.46674403756005867","0.13349319101049656","0.48781759318714124","1.0"
"50","22","Coupled","gaussian","negative","600","0.09190711503639143","0.05532556765503723","0.0859886453901329","0.0"
"50","22","Coupled","gaussian","positive","600","0.46612039198494526","0.10596620072165214","0.4939600195146363","1.0"
"50","22","Coupled","kmeans","negative","600","0.11594042541822669","0.07587962702722911","0.10233883807275526","0.0"
"50","22","Coupled","kmeans","positive","600","0.46997780819846297","0.12835944888013043","0.46923127335100046","1.0"
"50","25","Coupled","agglomerative","negative","600","0.15255259360864518","0.10422839113833442","0.13498348597018492","0.0"
"50","25","Coupled","agglomerative","positive","600","0.47079841324537236","0.13090478070366474","0.48405738210020705","1.0"
"50","25","Coupled","gaussian","negative","600","0.09744076568604372","0.05799625534166583","0.08981542776762191","0.0"
"50","25","Coupled","gaussian","positive","600","0.4758172049836451","0.1085941200902945","0.5086766882022842","1.0"
"50","25","Coupled","kmeans","negative","600","0.11797644273897177","0.07154595731997852","0.11012444937550611","0.0"
"50","25","Coupled","kmeans","positive","600","0.47239719837019656","0.12795102721882265","0.4735351052433532","1.0"
"50","4","Coupled","agglomerative","negative","600","0.15399127458353795","0.11286894471674129","0.14687345789236309","0.0"
"50","4","Coupled","agglomerative","positive","600","0.360963793202464","0.15127511204921826","0.3564879186421709","0.9966666666666667"
"50","4","Coupled","gaussian","negative","600","0.08022942295510171","0.06277776900171096","0.0669230328683159","0.0"
"50","4","Coupled","gaussian","positive","600","0.2953627980981088","0.10814414317911202","0.3244298197443297","0.9883333333333333"
"50","4","Coupled","kmeans","negative","600","0.14456766882055389","0.0979546097796506","0.12982018423286745","0.0"
"50","4","Coupled","kmeans","positive","600","0.36523139195918924","0.1691799051438137","0.3654656051323829","0.9866666666666667"
"50","5","Coupled","agglomerative","negative","600","0.15020267582059482","0.11216675008776558","0.1410047427350843","0.0"
"50","5","Coupled","agglomerative","positive","600","0.38231458162904297","0.14751403328422316","0.3720845377279042","1.0"
"50","5","Coupled","gaussian","negative","600","0.0853318740834966","0.07089336469114292","0.06784800153245212","0.0"
"50","5","Coupled","gaussian","positive","600","0.3388541221836533","0.11778869994633967","0.3652603814328522","0.9883333333333333"
"50","5","Coupled","kmeans","negative","600","0.13988318006585496","0.0931961501974741","0.12643118498403275","0.0"
"50","5","Coupled","kmeans","positive","600","0.383988560439262","0.16409997182367003","0.3751298700444219","0.9883333333333333"
"50","7","Coupled","agglomerative","negative","600","0.14767239035131569","0.11346517794766756","0.11551250922145131","0.0"
"50","7","Coupled","agglomerative","positive","600","0.40853144929382673","0.14111540322846908","0.4006266199929447","1.0"
"50","7","Coupled","gaussian","negative","600","0.07592642497781885","0.061864264797454493","0.06292411081898747","0.0"
"50","7","Coupled","gaussian","positive","600","0.3550981808868576","0.106253166287338","0.37927969976199905","1.0"
"50","7","Coupled","kmeans","negative","600","0.13645591690629805","0.0858244085877839","0.12609720594575385","0.0"
"50","7","Coupled","kmeans","positive","600","0.41299488135672774","0.15640363762994755","0.4037569825078771","1.0"
"75","1","Coupled","agglomerative","negative","600","0.17491296476226192","0.10054483378576147","0.20095990942475725","0.0"
"75","1","Coupled","agglomerative","positive","600","0.19928845930653036","0.1679817926723932","0.1599704388253187","0.7933333333333333"
"75","1","Coupled","gaussian","negative","600","0.07909790492401912","0.06874335186646283","0.05946995864353905","0.0"
"75","1","Coupled","gaussian","positive","600","0.17410150511609748","0.11017730566172826","0.1809822351273837","0.8016666666666666"
"75","1","Coupled","kmeans","negative","600","0.13414736092709112","0.10629680626720009","0.11868166563123503","0.0"
"75","1","Coupled","kmeans","positive","600","0.20737450596454104","0.14727519461231456","0.19893725548468472","0.7"
"75","10","Coupled","agglomerative","negative","600","0.13513171369458513","0.09014822801114057","0.11630890107985226","0.0"
"75","10","Coupled","agglomerative","positive","600","0.4538357371758783","0.15038230147143983","0.4246762355975583","1.0"
"75","10","Coupled","gaussian","negative","600","0.0749040134892534","0.06031793905324569","0.059911289870761886","0.0"
"75","10","Coupled","gaussian","positive","600","0.4031178700286367","0.11059562553021166","0.43026761830904436","1.0"
"75","10","Coupled","kmeans","negative","600","0.1215994353582059","0.07771847415111238","0.11344042806877011","0.0"
"75","10","Coupled","kmeans","positive","600","0.4010639844293181","0.13341606044823837","0.3989137047224054","1.0"
"75","12","Coupled","agglomerative","negative","600","0.13617979196549526","0.08603220280184383","0.11830392082214415","0.0"
"75","12","Coupled","agglomerative","positive","600","0.4684494231166022","0.14823315824504513","0.44993317999268945","1.0"
"75","12","Coupled","gaussian","negative","600","0.06912387899453724","0.05509401823934182","0.05663485313995087","0.0"
"75","12","Coupled","gaussian","positive","600","0.3999055085859119","0.10841361582305117","0.43075362908775194","1.0"
"75","12","Coupled","kmeans","negative","600","0.1388981505101182","0.08867073351261054","0.129663841453141","0.0"
"75","12","Coupled","kmeans","positive","600","0.40822042030363437","0.13352713457640175","0.4194064232634802","1.0"
"75","15","Coupled","agglomerative","negative","600","0.13863434385549753","0.09869352368062","0.11428126080727677","0.0"
"75","15","Coupled","agglomerative","positive","600","0.48296448967004596","0.1509154817993337","0.46038621541259983","1.0"
"75","15","Coupled","gaussian","negative","600","0.08034782689856981","0.05973785746993919","0.0695622262568861","0.0"
"75","15","Coupled","gaussian","positive","600","0.43942240086372153","0.11073344777768003","0.46992587044162965","1.0"
"75","15","Coupled","kmeans","negative","600","0.1492420484309134","0.08668917386206722","0.14767064106087677","0.0"
"75","15","Coupled","kmeans","positive","600","0.4138228264531361","0.13167211767223977","0.428090717602011","1.0"
"75","18","Coupled","agglomerative","negative","600","0.1388427214959587","0.09353675682836361","0.12656578098021526","0.0"
"75","18","Coupled","agglomerative","positive","600","0.49523167328267836","0.14775214214972052","0.48261898732544944","1.0"
"75","18","Coupled","gaussian","negative","600","0.07810898722028072","0.055114009955207606","0.06731007003626682","0.0"
"75","18","Coupled","gaussian","positive","600","0.4551487633998824","0.10790684406909407","0.48582732097559256","1.0"
"75","18","Coupled","kmeans","negative","600","0.1508013976325241","0.08293676512376122","0.14485471383377949","0.0"
"75","18","Coupled","kmeans","positive","600","0.42202473963429954","0.12256555348237944","0.44622566652512874","1.0"
"75","2","Coupled","agglomerative","negative","600","0.16244327864003638","0.10481255965836972","0.17667725574774545","0.0"
"75","2","Coupled","agglomerative","positive","600","0.2733622483668415","0.16605264417330945","0.24575754658374183","0.94"
"75","2","Coupled","gaussian","negative","600","0.08759803451214375","0.07119530823428824","0.06478339871129271","0.0"
"75","2","Coupled","gaussian","positive","600","0.25821753019285154","0.12329575967220816","0.27792649466877606","0.9283333333333333"
"75","2","Coupled","kmeans","negative","600","0.13444828303547182","0.104942454419983","0.11206505841414985","0.0"
"75","2","Coupled","kmeans","positive","600","0.26863084806782983","0.15450835108412092","0.25949389817586277","0.8983333333333333"
"75","20","Coupled","agglomerative","negative","600","0.1397752735066613","0.09845952951152784","0.1129120949369335","0.0"
"75","20","Coupled","agglomerative","positive","600","0.5001732683650889","0.14672956017483035","0.4816176575470059","1.0"
"75","20","Coupled","gaussian","negative","600","0.08764298944031654","0.05910246469144432","0.07342240414909705","0.0"
"75","20","Coupled","gaussian","positive","600","0.463799620151849","0.11097398494297055","0.4957698747214905","1.0"
"75","20","Coupled","kmeans","negative","600","0.14675573727950833","0.08544025867411634","0.14236438932959466","0.0"
"75","20","Coupled","kmeans","positive","600","0.419173420030853","0.1252079523566487","0.44828145873964786","1.0"
"75","22","Coupled","agglomerative","negative","600","0.1399060496589915","0.09909970403783466","0.11452890995877149","0.0"
"75","22","Coupled","agglomerative","positive","600","0.5045187889815281","0.1506920596604202","0.4921102229085826","1.0"
"75","22","Coupled","gaussian","negative","600","0.09056115613165933","0.06398907973840147","0.07574710970492335","0.0"
"75","22","Coupled","gaussian","positive","600","0.47038254514037364","0.10950846509478958","0.5021683445788996","1.0"
"75","22","Coupled","kmeans","negative","600","0.13828303510673542","0.07912784877773556","0.1315620870294085","0.0"
"75","22","Coupled","kmeans","positive","600","0.4336769831196089","0.12234630192190983","0.46024586751876384","1.0"
"75","25","Coupled","agglomerative","negative","600","0.1362865434506695","0.10012124820284614","0.11126292037520569","0.0"
"75","25","Coupled","agglomerative","positive","600","0.5120259146176843","0.14989552425263106","0.5042355219534527","1.0"
"75","25","Coupled","gaussian","negative","600","0.08447768898241673","0.0576020439026532","0.07097339021769088","0.0"
"75","25","Coupled","gaussian","positive","600","0.4653743951854934","0.1061682786291951","0.49818100794177655","1.0"
"75","25","Coupled","kmeans","negative","600","0.14606951883596955","0.08519107188496662","0.13553688817808868","0.0"
"75","25","Coupled","kmeans","positive","600","0.4236851311855055","0.12647385612645695","0.4528865577131185","1.0"
"75","4","Coupled","agglomerative","negative","600","0.12599126686522627","0.08966744358740975","0.10564557298293153","0.0"
"75","4","Coupled","agglomerative","positive","600","0.357094975532132","0.16069514357473827","0.3259417143773977","0.9983333333333333"
"75","4","Coupled","gaussian","negative","600","0.07440533393680857","0.060988602184272794","0.05900353102769802","0.0"
"75","4","Coupled","gaussian","positive","600","0.3053181490125416","0.11061366656885845","0.3298881817414511","0.99"
"75","4","Coupled","kmeans","negative","600","0.12242049928845378","0.09578376103445581","0.09717398652337374","0.0"
"75","4","Coupled","kmeans","positive","600","0.32876121723054086","0.14820480817919196","0.3199923890758693","0.985"
"75","5","Coupled","agglomerative","negative","600","0.12323665820584118","0.07835640751842923","0.11141696317564984","0.0"
"75","5","Coupled","agglomerative","positive","600","0.3786500360683293","0.15893506236892202","0.3518958645864793","0.9983333333333333"
"75","5","Coupled","gaussian","negative","600","0.07849446343221687","0.06308158309197306","0.06375377017449929","0.0"
"75","5","Coupled","gaussian","positive","600","0.3270989124321376","0.11387331717842473","0.3524660179381576","0.9983333333333333"
"75","5","Coupled","kmeans","negative","600","0.13150611281466804","0.09763970593730079","0.10899494036175551","0.0"
"75","5","Coupled","kmeans","positive","600","0.34425192046980563","0.14587420922713062","0.3384803546849381","0.995"
"75","7","Coupled","agglomerative","negative","600","0.13016148396307425","0.08528307968130885","0.11855401989247938","0.0"
"75","7","Coupled","agglomerative","positive","600","0.4219928837115296","0.15126181406480427","0.4007850986553384","1.0"
"75","7","Coupled","gaussian","negative","600","0.07552918205057124","0.060203305862602766","0.06038544069188692","0.0"
"75","7","Coupled","gaussian","positive","600","0.36493300803210493","0.11384180949721144","0.39698066736291043","0.9966666666666667"
"75","7","Coupled","kmeans","negative","600","0.12908387333694174","0.09173233947693131","0.11364228188957354","0.0"
"75","7","Coupled","kmeans","positive","600","0.376425585597828","0.14286044321186395","0.3814788820906814","0.995"
