row_position,class_label,Depth_Kmeans,Depth_Kmeans_1,Depth_Kmeans_2,Depth_Kmeans_3,Depth_Kmeans_4,Depth_Kmeans_5,Depth_Kmeans_6,Depth_Kmeans_7,Depth_Kmeans_8,Depth_Kmeans_9,Depth_Kmeans_10
240,C,0,,,,,,,,,,
241,C,0,,,,,,,,,,
242,C,0,,,,,,,,,,
243,C,0,,,,,,,,,,
244,C,0,,,,,,,,,,
245,C,0,,,,,,,,,,
246,C,0,,,,,,,,,,
247,C,0,,,,,,,,,,
248,C,0,,,,,,,,,,
249,C,0,,,,,,,,,,
250,C,0,,,,,,,,,,
251,C,0,,,,,,,,,,
252,C,0,,,,,,,,,,
253,C,0,,,,,,,,,,
254,C,0,,,,,,,,,,
255,C,0,,,,,,,,,,
256,C,0,,,,,,,,,,
257,C,0,,,,,,,,,,
258,C,0,,,,,,,,,,
259,C,0,,,,,,,,,,
260,C,0,,,,,,,,,,
261,C,0,,,,,,,,,,
262,C,0,,,,,,,,,,
263,C,0,,,,,,,,,,
264,C,0,,,,,,,,,,
265,C,0,,,,,,,,,,
266,C,0,,,,,,,,,,
267,C,0,,,,,,,,,,
268,C,0,,,,,,,,,,
269,C,0,,,,,,,,,,
270,C,0,,,,,,,,,,
271,C,0,,,,,,,,,,
272,C,0,,,,,,,,,,
273,C,0,,,,,,,,,,
274,C,0,,,,,,,,,,
275,C,0,,,,,,,,,,
276,C,0,,,,,,,,,,
277,C,0,,,,,,,,,,
278,C,0,,,,,,,,,,
279,C,0,,,,,,,,,,
280,C,0,,,,,,,,,,
281,C,0,,,,,,,,,,
282,C,0,,,,,,,,,,
283,C,0,,,,,,,,,,
284,C,0,,,,,,,,,,
285,C,0,,,,,,,,,,
286,C,0,,,,,,,,,,
287,C,0,,,,,,,,,,
288,C,0,,,,,,,,,,
289,C,0,,,,,,,,,,
290,C,0,,,,,,,,,,
291,C,0,,,,,,,,,,
292,C,0,,,,,,,,,,
293,C,0,,,,,,,,,,
294,C,0,,,,,,,,,,
295,C,0,,,,,,,,,,
296,C,0,,,,,,,,,,
297,C,0,,,,,,,,,,
298,C,0,,,,,,,,,,
299,C,0,,,,,,,,,,
300,C,0,,,,,,,,,,
301,C,0,,,,,,,,,,
302,C,0,,,,,,,,,,
303,C,0,,,,,,,,,,
304,C,0,,,,,,,,,,
305,C,0,,,,,,,,,,
306,C,0,,,,,,,,,,
307,C,0,,,,,,,,,,
308,C,0,,,,,,,,,,
309,C,0,,,,,,,,,,
310,C,0,,,,,,,,,,
311,C,0,,,,,,,,,,
312,C,0,,,,,,,,,,
313,C,0,,,,,,,,,,
314,C,0,,,,,,,,,,
315,C,0,,,,,,,,,,
316,C,0,,,,,,,,,,
317,C,0,,,,,,,,,,
318,C,0,,,,,,,,,,
319,C,0,,,,,,,,,,
320,C,0,,,,,,,,,,
321,C,0,,,,,,,,,,
322,C,0,,,,,,,,,,
323,C,0,,,,,,,,,,
324,C,0,,,,,,,,,,
325,C,0,,,,,,,,,,
326,C,0,,,,,,,,,,
327,C,0,,,,,,,,,,
328,C,0,,,,,,,,,,
329,C,0,,,,,,,,,,
330,C,0,,,,,,,,,,
331,C,0,,,,,,,,,,
332,C,0,,,,,,,,,,
333,C,0,,,,,,,,,,
334,C,0,,,,,,,,,,
335,C,0,,,,,,,,,,
336,C,0,,,,,,,,,,
337,C,0,,,,,,,,,,
338,C,0,,,,,,,,,,
339,C,0,,,,,,,,,,
340,C,0,,,,,,,,,,
341,C,0,,,,,,,,,,
342,C,0,,,,,,,,,,
343,C,0,,,,,,,,,,
344,C,0,,,,,,,,,,
345,C,0,,,,,,,,,,
346,C,0,,,,,,,,,,
347,C,0,,,,,,,,,,
348,C,0,,,,,,,,,,
349,C,0,,,,,,,,,,
350,C,0,,,,,,,,,,
351,C,0,,,,,,,,,,
352,C,0,,,,,,,,,,
353,C,0,,,,,,,,,,
354,C,0,,,,,,,,,,
355,C,0,,,,,,,,,,
356,C,0,,,,,,,,,,
357,C,0,,,,,,,,,,
358,C,0,,,,,,,,,,
359,C,0,,,,,,,,,,
192,B,1,0,0,0,0,0,0,0,,,
59,A,1,0,0,0,0,0,0,1,,,
114,A,1,0,0,0,0,0,0,1,,,
369,X,1,0,0,0,0,0,0,1,,,
54,A,1,0,0,0,0,0,1,0,,,
138,B,1,0,0,0,0,0,1,0,,,
202,B,1,0,0,0,0,0,1,0,,,
98,A,1,0,0,0,0,0,1,1,0,,
214,B,1,0,0,0,0,0,1,1,0,,
14,A,1,0,0,0,0,0,1,1,1,,
36,A,1,0,0,0,0,0,1,1,1,,
139,B,1,0,0,0,0,1,0,0,,,
177,B,1,0,0,0,0,1,0,0,,,
35,A,1,0,0,0,0,1,0,1,0,0,
194,B,1,0,0,0,0,1,0,1,0,0,
239,B,1,0,0,0,0,1,0,1,0,0,
12,A,1,0,0,0,0,1,0,1,0,1,
9,A,1,0,0,0,0,1,0,1,1,,
17,A,1,0,0,0,0,1,0,1,1,,
27,A,1,0,0,0,0,1,1,0,,,
169,B,1,0,0,0,0,1,1,0,,,
229,B,1,0,0,0,0,1,1,0,,,
68,A,1,0,0,0,0,1,1,1,0,,
132,B,1,0,0,0,0,1,1,1,0,,
365,X,1,0,0,0,0,1,1,1,0,,
88,A,1,0,0,0,0,1,1,1,1,,
84,A,1,0,0,0,1,0,0,,,,
204,B,1,0,0,0,1,0,0,,,,
218,B,1,0,0,0,1,0,0,,,,
235,B,1,0,0,0,1,0,1,,,,
66,A,1,0,0,0,1,1,,,,,
93,A,1,0,0,1,0,0,0,0,,,
107,A,1,0,0,1,0,0,0,0,,,
196,B,1,0,0,1,0,0,0,0,,,
37,A,1,0,0,1,0,0,0,1,0,0,
105,A,1,0,0,1,0,0,0,1,0,0,
212,B,1,0,0,1,0,0,0,1,0,0,
217,B,1,0,0,1,0,0,0,1,0,1,
100,A,1,0,0,1,0,0,0,1,1,,
184,B,1,0,0,1,0,0,0,1,1,,
199,B,1,0,0,1,0,0,1,0,,,
58,A,1,0,0,1,0,0,1,1,0,,
120,B,1,0,0,1,0,0,1,1,0,,
203,B,1,0,0,1,0,0,1,1,0,,
87,A,1,0,0,1,0,0,1,1,1,0,
34,A,1,0,0,1,0,0,1,1,1,1,
45,A,1,0,0,1,0,0,1,1,1,1,
226,B,1,0,0,1,0,0,1,1,1,1,
216,B,1,0,0,1,0,1,0,0,0,0,
47,A,1,0,0,1,0,1,0,0,0,1,
205,B,1,0,0,1,0,1,0,0,0,1,
236,B,1,0,0,1,0,1,0,0,0,1,
128,B,1,0,0,1,0,1,0,0,1,,
48,A,1,0,0,1,0,1,0,1,0,,
50,A,1,0,0,1,0,1,0,1,0,,
379,X,1,0,0,1,0,1,0,1,0,,
38,A,1,0,0,1,0,1,0,1,1,,
55,A,1,0,0,1,0,1,1,0,0,0,0
373,X,1,0,0,1,0,1,1,0,0,0,0
159,B,1,0,0,1,0,1,1,0,0,0,1
375,X,1,0,0,1,0,1,1,0,0,0,1
79,A,1,0,0,1,0,1,1,0,0,1,
228,B,1,0,0,1,0,1,1,0,0,1,
113,A,1,0,0,1,0,1,1,0,1,,
198,B,1,0,0,1,0,1,1,0,1,,
191,B,1,0,0,1,0,1,1,1,,,
211,B,1,0,0,1,1,0,0,0,,,
366,X,1,0,0,1,1,0,0,0,,,
142,B,1,0,0,1,1,0,0,1,0,,
154,B,1,0,0,1,1,0,0,1,0,,
51,A,1,0,0,1,1,0,0,1,1,,
181,B,1,0,0,1,1,0,0,1,1,,
32,A,1,0,0,1,1,0,1,0,0,,
116,A,1,0,0,1,1,0,1,0,0,,
136,B,1,0,0,1,1,0,1,0,0,,
49,A,1,0,0,1,1,0,1,0,1,,
175,B,1,0,0,1,1,0,1,0,1,,
1,A,1,0,0,1,1,0,1,1,,,
363,X,1,0,0,1,1,0,1,1,,,
64,A,1,0,0,1,1,1,0,,,,
111,A,1,0,0,1,1,1,0,,,,
153,B,1,0,0,1,1,1,0,,,,
5,A,1,0,0,1,1,1,1,,,,
186,B,1,0,0,1,1,1,1,,,,
146,B,1,0,1,0,0,0,0,0,,,
148,B,1,0,1,0,0,0,0,0,,,
166,B,1,0,1,0,0,0,0,0,,,
172,B,1,0,1,0,0,0,0,0,,,
222,B,1,0,1,0,0,0,0,0,,,
232,B,1,0,1,0,0,0,0,0,,,
125,B,1,0,1,0,0,0,0,1,0,,
155,B,1,0,1,0,0,0,0,1,0,,
11,A,1,0,1,0,0,0,0,1,1,,
176,B,1,0,1,0,0,0,0,1,1,,
31,A,1,0,1,0,0,0,1,,,,
43,A,1,0,1,0,0,0,1,,,,
53,A,1,0,1,0,0,0,1,,,,
78,A,1,0,1,0,0,0,1,,,,
173,B,1,0,1,0,0,1,0,0,0,,
188,B,1,0,1,0,0,1,0,0,0,,
377,X,1,0,1,0,0,1,0,0,0,,
56,A,1,0,1,0,0,1,0,0,1,,
180,B,1,0,1,0,0,1,0,0,1,,
10,A,1,0,1,0,0,1,0,1,,,
131,B,1,0,1,0,0,1,0,1,,,
213,B,1,0,1,0,0,1,0,1,,,
80,A,1,0,1,0,0,1,1,,,,
193,B,1,0,1,0,0,1,1,,,,
124,B,1,0,1,0,1,0,0,,,,
126,B,1,0,1,0,1,0,0,,,,
221,B,1,0,1,0,1,0,0,,,,
95,A,1,0,1,0,1,0,1,,,,
122,B,1,0,1,0,1,1,0,,,,
89,A,1,0,1,0,1,1,1,0,,,
121,B,1,0,1,0,1,1,1,0,,,
141,B,1,0,1,0,1,1,1,0,,,
30,A,1,0,1,0,1,1,1,1,,,
130,B,1,0,1,1,0,0,0,,,,
151,B,1,0,1,1,0,0,0,,,,
157,B,1,0,1,1,0,0,0,,,,
201,B,1,0,1,1,0,0,0,,,,
209,B,1,0,1,1,0,0,0,,,,
109,A,1,0,1,1,0,0,1,,,,
210,B,1,0,1,1,0,0,1,,,,
7,A,1,0,1,1,0,1,,,,,
200,B,1,0,1,1,0,1,,,,,
225,B,1,0,1,1,0,1,,,,,
23,A,1,0,1,1,1,,,,,,
103,A,1,1,0,0,0,0,,,,,
149,B,1,1,0,0,0,0,,,,,
22,A,1,1,0,0,0,1,,,,,
63,A,1,1,0,0,0,1,,,,,
97,A,1,1,0,0,0,1,,,,,
101,A,1,1,0,0,0,1,,,,,
21,A,1,1,0,0,1,0,0,0,,,
220,B,1,1,0,0,1,0,0,0,,,
238,B,1,1,0,0,1,0,0,0,,,
110,A,1,1,0,0,1,0,0,1,0,,
165,B,1,1,0,0,1,0,0,1,0,,
368,X,1,1,0,0,1,0,0,1,0,,
26,A,1,1,0,0,1,0,0,1,1,,
137,B,1,1,0,0,1,0,1,0,0,0,
74,A,1,1,0,0,1,0,1,0,0,1,0
117,A,1,1,0,0,1,0,1,0,0,1,0
215,B,1,1,0,0,1,0,1,0,0,1,0
2,A,1,1,0,0,1,0,1,0,0,1,1
73,A,1,1,0,0,1,0,1,0,0,1,1
39,A,1,1,0,0,1,0,1,0,1,,
60,A,1,1,0,0,1,0,1,1,,,
61,A,1,1,0,0,1,0,1,1,,,
231,B,1,1,0,0,1,0,1,1,,,
150,B,1,1,0,0,1,1,0,,,,
178,B,1,1,0,0,1,1,0,,,,
189,B,1,1,0,0,1,1,0,,,,
6,A,1,1,0,0,1,1,1,,,,
40,A,1,1,0,0,1,1,1,,,,
92,A,1,1,0,0,1,1,1,,,,
96,A,1,1,0,0,1,1,1,,,,
62,A,1,1,0,1,0,0,0,,,,
195,B,1,1,0,1,0,0,0,,,,
182,B,1,1,0,1,0,0,1,,,,
197,B,1,1,0,1,0,0,1,,,,
57,A,1,1,0,1,0,1,0,0,,,
83,A,1,1,0,1,0,1,0,0,,,
4,A,1,1,0,1,0,1,0,1,,,
168,B,1,1,0,1,0,1,0,1,,,
230,B,1,1,0,1,0,1,1,,,,
70,A,1,1,0,1,1,0,0,,,,
156,B,1,1,0,1,1,0,0,,,,
208,B,1,1,0,1,1,0,0,,,,
106,A,1,1,0,1,1,0,1,,,,
183,B,1,1,0,1,1,0,1,,,,
233,B,1,1,0,1,1,0,1,,,,
123,B,1,1,0,1,1,1,0,,,,
371,X,1,1,0,1,1,1,0,,,,
71,A,1,1,0,1,1,1,1,,,,
119,A,1,1,0,1,1,1,1,,,,
104,A,1,1,1,0,0,0,0,0,,,
367,X,1,1,1,0,0,0,0,0,,,
372,X,1,1,1,0,0,0,0,0,,,
224,B,1,1,1,0,0,0,0,1,,,
362,X,1,1,1,0,0,0,1,0,,,
41,A,1,1,1,0,0,0,1,1,,,
190,B,1,1,1,0,0,0,1,1,,,
374,X,1,1,1,0,0,0,1,1,,,
187,B,1,1,1,0,0,1,0,0,0,,
76,A,1,1,1,0,0,1,0,0,1,,
170,B,1,1,1,0,0,1,0,0,1,,
237,B,1,1,1,0,0,1,0,0,1,,
179,B,1,1,1,0,0,1,0,1,0,,
46,A,1,1,1,0,0,1,0,1,1,0,
115,A,1,1,1,0,0,1,0,1,1,0,
18,A,1,1,1,0,0,1,0,1,1,1,
207,B,1,1,1,0,0,1,0,1,1,1,
162,B,1,1,1,0,0,1,1,0,0,,
185,B,1,1,1,0,0,1,1,0,0,,
3,A,1,1,1,0,0,1,1,0,1,,
42,A,1,1,1,0,0,1,1,0,1,,
91,A,1,1,1,0,0,1,1,1,,,
134,B,1,1,1,0,0,1,1,1,,,
163,B,1,1,1,0,0,1,1,1,,,
19,A,1,1,1,0,1,0,0,0,,,
219,B,1,1,1,0,1,0,0,0,,,
135,B,1,1,1,0,1,0,0,1,,,
145,B,1,1,1,0,1,0,0,1,,,
167,B,1,1,1,0,1,0,0,1,,,
81,A,1,1,1,0,1,0,1,,,,
52,A,1,1,1,0,1,1,0,0,0,,
0,A,1,1,1,0,1,1,0,0,1,,
25,A,1,1,1,0,1,1,0,0,1,,
227,B,1,1,1,0,1,1,0,0,1,,
82,A,1,1,1,0,1,1,0,1,,,
376,X,1,1,1,0,1,1,0,1,,,
85,A,1,1,1,0,1,1,1,0,0,,
161,B,1,1,1,0,1,1,1,0,0,,
370,X,1,1,1,0,1,1,1,0,0,,
16,A,1,1,1,0,1,1,1,0,1,,
8,A,1,1,1,0,1,1,1,1,,,
69,A,1,1,1,0,1,1,1,1,,,
360,X,1,1,1,0,1,1,1,1,,,
86,A,1,1,1,1,0,0,0,0,,,
108,A,1,1,1,1,0,0,0,0,,,
28,A,1,1,1,1,0,0,0,1,,,
144,B,1,1,1,1,0,0,0,1,,,
72,A,1,1,1,1,0,0,1,0,,,
102,A,1,1,1,1,0,0,1,0,,,
223,B,1,1,1,1,0,0,1,0,,,
44,A,1,1,1,1,0,0,1,1,,,
77,A,1,1,1,1,0,0,1,1,,,
378,X,1,1,1,1,0,0,1,1,,,
15,A,1,1,1,1,0,1,0,,,,
147,B,1,1,1,1,0,1,0,,,,
364,X,1,1,1,1,0,1,0,,,,
67,A,1,1,1,1,0,1,1,,,,
133,B,1,1,1,1,1,0,0,0,0,0,
158,B,1,1,1,1,1,0,0,0,0,0,
65,A,1,1,1,1,1,0,0,0,0,1,
143,B,1,1,1,1,1,0,0,0,0,1,
160,B,1,1,1,1,1,0,0,0,0,1,
33,A,1,1,1,1,1,0,0,0,1,,
129,B,1,1,1,1,1,0,0,0,1,,
24,A,1,1,1,1,1,0,0,1,0,,
118,A,1,1,1,1,1,0,0,1,0,,
75,A,1,1,1,1,1,0,0,1,1,0,0
94,A,1,1,1,1,1,0,0,1,1,0,0
234,B,1,1,1,1,1,0,0,1,1,0,0
361,X,1,1,1,1,1,0,0,1,1,0,1
112,A,1,1,1,1,1,0,0,1,1,1,
29,A,1,1,1,1,1,0,1,0,,,
90,A,1,1,1,1,1,0,1,0,,,
164,B,1,1,1,1,1,0,1,0,,,
127,B,1,1,1,1,1,0,1,1,0,,
174,B,1,1,1,1,1,0,1,1,0,,
13,A,1,1,1,1,1,0,1,1,1,,
20,A,1,1,1,1,1,0,1,1,1,,
206,B,1,1,1,1,1,0,1,1,1,,
99,A,1,1,1,1,1,1,0,,,,
152,B,1,1,1,1,1,1,0,,,,
140,B,1,1,1,1,1,1,1,,,,
171,B,1,1,1,1,1,1,1,,,,
