row_position,class_label,Depth_Kmeans,Depth_Kmeans_1,Depth_Kmeans_2,Depth_Kmeans_3,Depth_Kmeans_4,Depth_Kmeans_5,Depth_Kmeans_6,Depth_Kmeans_7,Depth_Kmeans_8,Depth_Kmeans_9,Depth_Kmeans_10,Depth_Kmeans_11,Depth_Kmeans_12,Depth_Kmeans_13
80,A,0,0,0,0,0,0,0,0,0,0,0,,,
495,A,0,0,0,0,0,0,0,0,0,0,0,,,
426,A,0,0,0,0,0,0,0,0,0,0,1,,,
514,B,0,0,0,0,0,0,0,0,0,0,1,,,
119,A,0,0,0,0,0,0,0,0,0,1,,,,
383,A,0,0,0,0,0,0,0,0,0,1,,,,
15,A,0,0,0,0,0,0,0,0,1,,,,,
22,A,0,0,0,0,0,0,0,0,1,,,,,
542,B,0,0,0,0,0,0,0,0,1,,,,,
565,B,0,0,0,0,0,0,0,1,0,0,0,,,
752,X,0,0,0,0,0,0,0,1,0,0,0,,,
65,A,0,0,0,0,0,0,0,1,0,0,1,,,
422,A,0,0,0,0,0,0,0,1,0,0,1,,,
46,A,0,0,0,0,0,0,0,1,0,1,0,,,
484,A,0,0,0,0,0,0,0,1,0,1,0,,,
30,A,0,0,0,0,0,0,0,1,0,1,1,,,
747,X,0,0,0,0,0,0,0,1,0,1,1,,,
567,B,0,0,0,0,0,0,0,1,1,0,0,,,
456,A,0,0,0,0,0,0,0,1,1,0,1,,,
550,B,0,0,0,0,0,0,0,1,1,0,1,,,
617,B,0,0,0,0,0,0,0,1,1,0,1,,,
424,A,0,0,0,0,0,0,0,1,1,1,,,,
457,A,0,0,0,0,0,0,0,1,1,1,,,,
491,A,0,0,0,0,0,0,1,0,0,,,,,
607,B,0,0,0,0,0,0,1,0,1,0,0,,,
380,A,0,0,0,0,0,0,1,0,1,0,1,,,
405,A,0,0,0,0,0,0,1,0,1,0,1,,,
756,X,0,0,0,0,0,0,1,0,1,0,1,,,
67,A,0,0,0,0,0,0,1,0,1,1,,,,
169,B,0,0,0,0,0,0,1,0,1,1,,,,
465,A,0,0,0,0,0,0,1,1,0,0,0,0,,
541,B,0,0,0,0,0,0,1,1,0,0,0,0,,
750,X,0,0,0,0,0,0,1,1,0,0,0,0,,
432,A,0,0,0,0,0,0,1,1,0,0,0,1,,
396,A,0,0,0,0,0,0,1,1,0,0,1,,,
5,A,0,0,0,0,0,0,1,1,0,1,,,,
215,B,0,0,0,0,0,0,1,1,0,1,,,,
740,X,0,0,0,0,0,0,1,1,0,1,,,,
25,A,0,0,0,0,0,0,1,1,1,0,,,,
64,A,0,0,0,0,0,0,1,1,1,0,,,,
176,B,0,0,0,0,0,0,1,1,1,0,,,,
0,A,0,0,0,0,0,0,1,1,1,1,,,,
107,A,0,0,0,0,0,1,0,0,0,,,,,
471,A,0,0,0,0,0,1,0,0,0,,,,,
543,B,0,0,0,0,0,1,0,0,0,,,,,
450,A,0,0,0,0,0,1,0,0,1,,,,,
588,B,0,0,0,0,0,1,0,0,1,,,,,
35,A,0,0,0,0,0,1,0,1,0,0,,,,
384,A,0,0,0,0,0,1,0,1,0,0,,,,
4,A,0,0,0,0,0,1,0,1,0,1,,,,
88,A,0,0,0,0,0,1,0,1,0,1,,,,
536,B,0,0,0,0,0,1,0,1,0,1,,,,
51,A,0,0,0,0,0,1,0,1,1,0,0,,,
66,A,0,0,0,0,0,1,0,1,1,0,0,,,
599,B,0,0,0,0,0,1,0,1,1,0,0,,,
1,A,0,0,0,0,0,1,0,1,1,0,1,,,
34,A,0,0,0,0,0,1,0,1,1,0,1,,,
19,A,0,0,0,0,0,1,0,1,1,1,,,,
45,A,0,0,0,0,0,1,0,1,1,1,,,,
399,A,0,0,0,0,0,1,0,1,1,1,,,,
462,A,0,0,0,0,0,1,1,0,0,,,,,
525,B,0,0,0,0,0,1,1,0,0,,,,,
27,A,0,0,0,0,0,1,1,0,1,0,0,0,,
158,B,0,0,0,0,0,1,1,0,1,0,0,0,,
547,B,0,0,0,0,0,1,1,0,1,0,0,0,,
2,A,0,0,0,0,0,1,1,0,1,0,0,1,,
123,B,0,0,0,0,0,1,1,0,1,0,1,,,
97,A,0,0,0,0,0,1,1,0,1,1,,,,
203,B,0,0,0,0,0,1,1,1,0,0,,,,
533,B,0,0,0,0,0,1,1,1,0,0,,,,
78,A,0,0,0,0,0,1,1,1,0,1,,,,
170,B,0,0,0,0,0,1,1,1,0,1,,,,
160,B,0,0,0,0,0,1,1,1,1,,,,,
98,A,0,0,0,0,1,0,0,0,0,0,0,0,0,
363,X,0,0,0,0,1,0,0,0,0,0,0,0,0,
362,X,0,0,0,0,1,0,0,0,0,0,0,0,1,
375,X,0,0,0,0,1,0,0,0,0,0,0,0,1,
48,A,0,0,0,0,1,0,0,0,0,0,0,1,,
377,X,0,0,0,0,1,0,0,0,0,0,0,1,,
370,X,0,0,0,0,1,0,0,0,0,0,1,,,
461,A,0,0,0,0,1,0,0,0,0,0,1,,,
3,A,0,0,0,0,1,0,0,0,0,1,0,,,
378,X,0,0,0,0,1,0,0,0,0,1,0,,,
50,A,0,0,0,0,1,0,0,0,0,1,1,,,
197,B,0,0,0,0,1,0,0,0,0,1,1,,,
515,B,0,0,0,0,1,0,0,0,0,1,1,,,
437,A,0,0,0,0,1,0,0,0,1,0,,,,
463,A,0,0,0,0,1,0,0,0,1,0,,,,
360,X,0,0,0,0,1,0,0,0,1,1,,,,
376,X,0,0,0,0,1,0,0,0,1,1,,,,
365,X,0,0,0,0,1,0,0,1,,,,,,
366,X,0,0,0,0,1,0,0,1,,,,,,
367,X,0,0,0,0,1,0,0,1,,,,,,
369,X,0,0,0,0,1,0,0,1,,,,,,
372,X,0,0,0,0,1,0,0,1,,,,,,
379,X,0,0,0,0,1,0,0,1,,,,,,
195,B,0,0,0,0,1,0,1,,,,,,,
235,B,0,0,0,0,1,0,1,,,,,,,
371,X,0,0,0,0,1,0,1,,,,,,,
234,B,0,0,0,0,1,1,0,0,,,,,,
131,B,0,0,0,0,1,1,0,1,,,,,,
218,B,0,0,0,0,1,1,0,1,,,,,,
374,X,0,0,0,0,1,1,0,1,,,,,,
52,A,0,0,0,0,1,1,1,0,0,0,,,,
224,B,0,0,0,0,1,1,1,0,0,0,,,,
126,B,0,0,0,0,1,1,1,0,0,1,,,,
364,X,0,0,0,0,1,1,1,0,0,1,,,,
91,A,0,0,0,0,1,1,1,0,1,0,,,,
385,A,0,0,0,0,1,1,1,0,1,0,,,,
33,A,0,0,0,0,1,1,1,0,1,1,0,,,
179,B,0,0,0,0,1,1,1,0,1,1,0,,,
566,B,0,0,0,0,1,1,1,0,1,1,0,,,
165,B,0,0,0,0,1,1,1,0,1,1,1,,,
181,B,0,0,0,0,1,1,1,1,0,,,,,
216,B,0,0,0,0,1,1,1,1,0,,,,,
47,A,0,0,0,0,1,1,1,1,1,,,,,
164,B,0,0,0,0,1,1,1,1,1,,,,,
373,X,0,0,0,0,1,1,1,1,1,,,,,
13,A,0,0,0,1,0,0,,,,,,,,
43,A,0,0,0,1,0,0,,,,,,,,
49,A,0,0,0,1,0,0,,,,,,,,
87,A,0,0,0,1,0,0,,,,,,,,
115,A,0,0,0,1,0,0,,,,,,,,
529,B,0,0,0,1,0,1,0,0,0,0,,,,
41,A,0,0,0,1,0,1,0,0,0,1,,,,
53,A,0,0,0,1,0,1,0,0,0,1,,,,
84,A,0,0,0,1,0,1,0,0,0,1,,,,
108,A,0,0,0,1,0,1,0,0,0,1,,,,
402,A,0,0,0,1,0,1,0,0,0,1,,,,
443,A,0,0,0,1,0,1,0,0,0,1,,,,
477,A,0,0,0,1,0,1,0,0,0,1,,,,
95,A,0,0,0,1,0,1,0,0,1,,,,,
7,A,0,0,0,1,0,1,0,1,,,,,,
58,A,0,0,0,1,0,1,0,1,,,,,,
68,A,0,0,0,1,0,1,0,1,,,,,,
72,A,0,0,0,1,0,1,0,1,,,,,,
75,A,0,0,0,1,0,1,0,1,,,,,,
117,A,0,0,0,1,0,1,0,1,,,,,,
481,A,0,0,0,1,0,1,0,1,,,,,,
83,A,0,0,0,1,0,1,1,0,0,0,0,,,
111,A,0,0,0,1,0,1,1,0,0,0,0,,,
562,B,0,0,0,1,0,1,1,0,0,0,0,,,
36,A,0,0,0,1,0,1,1,0,0,0,1,,,
73,A,0,0,0,1,0,1,1,0,0,1,,,,
59,A,0,0,0,1,0,1,1,0,1,,,,,
90,A,0,0,0,1,0,1,1,0,1,,,,,
610,B,0,0,0,1,0,1,1,0,1,,,,,
96,A,0,0,0,1,0,1,1,1,,,,,,
577,B,0,0,0,1,0,1,1,1,,,,,,
112,A,0,0,0,1,1,0,0,0,0,,,,,
361,X,0,0,0,1,1,0,0,0,0,,,,,
442,A,0,0,0,1,1,0,0,0,0,,,,,
14,A,0,0,0,1,1,0,0,0,1,0,,,,
548,B,0,0,0,1,1,0,0,0,1,0,,,,
31,A,0,0,0,1,1,0,0,0,1,1,0,,,
77,A,0,0,0,1,1,0,0,0,1,1,0,,,
575,B,0,0,0,1,1,0,0,0,1,1,0,,,
71,A,0,0,0,1,1,0,0,0,1,1,1,,,
57,A,0,0,0,1,1,0,0,1,0,,,,,
62,A,0,0,0,1,1,0,0,1,0,,,,,
99,A,0,0,0,1,1,0,0,1,0,,,,,
93,A,0,0,0,1,1,0,0,1,1,0,,,,
103,A,0,0,0,1,1,0,0,1,1,0,,,,
60,A,0,0,0,1,1,0,0,1,1,1,,,,
611,B,0,0,0,1,1,0,0,1,1,1,,,,
12,A,0,0,0,1,1,0,1,0,0,,,,,
17,A,0,0,0,1,1,0,1,0,0,,,,,
37,A,0,0,0,1,1,0,1,0,0,,,,,
118,A,0,0,0,1,1,0,1,0,0,,,,,
451,A,0,0,0,1,1,0,1,0,0,,,,,
503,B,0,0,0,1,1,0,1,0,1,0,,,,
751,X,0,0,0,1,1,0,1,0,1,0,,,,
16,A,0,0,0,1,1,0,1,0,1,1,,,,
368,X,0,0,0,1,1,0,1,0,1,1,,,,
499,A,0,0,0,1,1,0,1,0,1,1,,,,
39,A,0,0,0,1,1,0,1,1,,,,,,
56,A,0,0,0,1,1,0,1,1,,,,,,
563,B,0,0,0,1,1,0,1,1,,,,,,
408,A,0,0,0,1,1,1,0,0,0,0,0,,,
488,A,0,0,0,1,1,1,0,0,0,0,0,,,
524,B,0,0,0,1,1,1,0,0,0,0,0,,,
466,A,0,0,0,1,1,1,0,0,0,0,1,,,
447,A,0,0,0,1,1,1,0,0,0,1,,,,
744,X,0,0,0,1,1,1,0,0,0,1,,,,
395,A,0,0,0,1,1,1,0,0,1,0,,,,
527,B,0,0,0,1,1,1,0,0,1,0,,,,
600,B,0,0,0,1,1,1,0,0,1,0,,,,
401,A,0,0,0,1,1,1,0,0,1,1,,,,
490,A,0,0,0,1,1,1,0,1,0,0,,,,
545,B,0,0,0,1,1,1,0,1,0,0,,,,
748,X,0,0,0,1,1,1,0,1,0,0,,,,
85,A,0,0,0,1,1,1,0,1,0,1,,,,
101,A,0,0,0,1,1,1,0,1,0,1,,,,
406,A,0,0,0,1,1,1,0,1,0,1,,,,
440,A,0,0,0,1,1,1,0,1,0,1,,,,
559,B,0,0,0,1,1,1,0,1,1,0,,,,
398,A,0,0,0,1,1,1,0,1,1,1,0,0,,
486,A,0,0,0,1,1,1,0,1,1,1,0,0,,
20,A,0,0,0,1,1,1,0,1,1,1,0,1,,
28,A,0,0,0,1,1,1,0,1,1,1,0,1,,
587,B,0,0,0,1,1,1,0,1,1,1,0,1,,
613,B,0,0,0,1,1,1,0,1,1,1,1,,,
530,B,0,0,0,1,1,1,1,0,0,,,,,
558,B,0,0,0,1,1,1,1,0,0,,,,,
569,B,0,0,0,1,1,1,1,0,0,,,,,
454,A,0,0,0,1,1,1,1,0,1,0,0,0,,
497,A,0,0,0,1,1,1,1,0,1,0,0,0,,
595,B,0,0,0,1,1,1,1,0,1,0,0,0,,
92,A,0,0,0,1,1,1,1,0,1,0,0,1,,
114,A,0,0,0,1,1,1,1,0,1,0,1,,,
382,A,0,0,0,1,1,1,1,0,1,0,1,,,
441,A,0,0,0,1,1,1,1,0,1,0,1,,,
453,A,0,0,0,1,1,1,1,0,1,0,1,,,
419,A,0,0,0,1,1,1,1,0,1,1,,,,
517,B,0,0,0,1,1,1,1,0,1,1,,,,
618,B,0,0,0,1,1,1,1,0,1,1,,,,
386,A,0,0,0,1,1,1,1,1,,,,,,
420,A,0,0,0,1,1,1,1,1,,,,,,
472,A,0,0,0,1,1,1,1,1,,,,,,
476,A,0,0,0,1,1,1,1,1,,,,,,
483,A,0,0,0,1,1,1,1,1,,,,,,
526,B,0,0,1,0,0,0,0,0,0,0,,,,
528,B,0,0,1,0,0,0,0,0,0,0,,,,
546,B,0,0,1,0,0,0,0,0,0,0,,,,
552,B,0,0,1,0,0,0,0,0,0,0,,,,
612,B,0,0,1,0,0,0,0,0,0,0,,,,
505,B,0,0,1,0,0,0,0,0,0,1,0,,,
535,B,0,0,1,0,0,0,0,0,0,1,0,,,
391,A,0,0,1,0,0,0,0,0,0,1,1,,,
556,B,0,0,1,0,0,0,0,0,0,1,1,,,
196,B,0,0,1,0,0,0,0,0,1,0,,,,
434,A,0,0,1,0,0,0,0,0,1,0,,,,
518,B,0,0,1,0,0,0,0,0,1,0,,,,
410,A,0,0,1,0,0,0,0,0,1,1,,,,
568,B,0,0,1,0,0,0,0,1,0,0,,,,
602,B,0,0,1,0,0,0,0,1,0,0,,,,
113,A,0,0,1,0,0,0,0,1,0,1,,,,
390,A,0,0,1,0,0,0,0,1,0,1,,,,
433,A,0,0,1,0,0,0,0,1,0,1,,,,
63,A,0,0,1,0,0,0,0,1,1,0,,,,
553,B,0,0,1,0,0,0,0,1,1,0,,,,
757,X,0,0,1,0,0,0,0,1,1,0,,,,
76,A,0,0,1,0,0,0,0,1,1,1,,,,
504,B,0,0,1,0,0,0,1,0,0,,,,,
506,B,0,0,1,0,0,0,1,0,0,,,,,
601,B,0,0,1,0,0,0,1,0,0,,,,,
411,A,0,0,1,0,0,0,1,0,1,,,,,
423,A,0,0,1,0,0,0,1,1,,,,,,
458,A,0,0,1,0,0,0,1,1,,,,,,
475,A,0,0,1,0,0,0,1,1,,,,,,
531,B,0,0,1,0,0,1,0,0,0,,,,,
537,B,0,0,1,0,0,1,0,0,0,,,,,
581,B,0,0,1,0,0,1,0,0,0,,,,,
589,B,0,0,1,0,0,1,0,0,0,,,,,
9,A,0,0,1,0,0,1,0,0,1,0,,,,
590,B,0,0,1,0,0,1,0,0,1,0,,,,
511,B,0,0,1,0,0,1,0,0,1,1,,,,
593,B,0,0,1,0,0,1,0,0,1,1,,,,
44,A,0,0,1,0,0,1,0,1,0,,,,,
510,B,0,0,1,0,0,1,0,1,0,,,,,
580,B,0,0,1,0,0,1,0,1,0,,,,,
387,A,0,0,1,0,0,1,0,1,1,,,,,
605,B,0,0,1,0,0,1,0,1,1,,,,,
61,A,0,0,1,0,0,1,1,0,0,,,,,
460,A,0,0,1,0,0,1,1,0,0,,,,,
573,B,0,0,1,0,0,1,1,0,0,,,,,
436,A,0,0,1,0,0,1,1,0,1,0,0,0,,
560,B,0,0,1,0,0,1,1,0,1,0,0,0,,
69,A,0,0,1,0,0,1,1,0,1,0,0,1,,
104,A,0,0,1,0,0,1,1,0,1,0,0,1,,
29,A,0,0,1,0,0,1,1,0,1,0,1,,,
81,A,0,0,1,0,0,1,1,0,1,1,,,,
489,A,0,0,1,0,0,1,1,0,1,1,,,,
6,A,0,0,1,0,0,1,1,1,,,,,,
54,A,0,0,1,0,0,1,1,1,,,,,,
70,A,0,0,1,0,0,1,1,1,,,,,,
94,A,0,0,1,0,0,1,1,1,,,,,,
570,B,0,0,1,0,1,0,0,0,0,0,0,,,
226,B,0,0,1,0,1,0,0,0,0,0,1,,,
421,A,0,0,1,0,1,0,0,0,0,0,1,,,
754,X,0,0,1,0,1,0,0,0,0,0,1,,,
186,B,0,0,1,0,1,0,0,0,0,1,0,,,
409,A,0,0,1,0,1,0,0,0,0,1,0,,,
507,B,0,0,1,0,1,0,0,0,0,1,0,,,
201,B,0,0,1,0,1,0,0,0,0,1,1,,,
554,B,0,0,1,0,1,0,0,0,0,1,1,,,
480,A,0,0,1,0,1,0,0,0,1,0,,,,
564,B,0,0,1,0,1,0,0,0,1,0,,,,
417,A,0,0,1,0,1,0,0,0,1,1,0,0,,
485,A,0,0,1,0,1,0,0,0,1,1,0,0,,
8,A,0,0,1,0,1,0,0,0,1,1,0,1,,
592,B,0,0,1,0,1,0,0,0,1,1,0,1,,
42,A,0,0,1,0,1,0,0,0,1,1,1,,,
79,A,0,0,1,0,1,0,0,0,1,1,1,,,
742,X,0,0,1,0,1,0,0,0,1,1,1,,,
120,B,0,0,1,0,1,0,0,1,0,0,0,,,
193,B,0,0,1,0,1,0,0,1,0,0,0,,,
579,B,0,0,1,0,1,0,0,1,0,0,0,,,
414,A,0,0,1,0,1,0,0,1,0,0,1,,,
425,A,0,0,1,0,1,0,0,1,0,0,1,,,
606,B,0,0,1,0,1,0,0,1,0,0,1,,,
438,A,0,0,1,0,1,0,0,1,0,1,0,0,0,
500,B,0,0,1,0,1,0,0,1,0,1,0,0,0,
583,B,0,0,1,0,1,0,0,1,0,1,0,0,0,
230,B,0,0,1,0,1,0,0,1,0,1,0,0,1,
597,B,0,0,1,0,1,0,0,1,0,1,0,0,1,
192,B,0,0,1,0,1,0,0,1,0,1,0,1,,
128,B,0,0,1,0,1,0,0,1,0,1,1,,,
105,A,0,0,1,0,1,0,0,1,1,0,,,,
467,A,0,0,1,0,1,0,0,1,1,0,,,,
388,A,0,0,1,0,1,0,0,1,1,1,,,,
449,A,0,0,1,0,1,0,0,1,1,1,,,,
604,B,0,0,1,0,1,0,0,1,1,1,,,,
427,A,0,0,1,0,1,0,1,0,0,0,,,,
585,B,0,0,1,0,1,0,1,0,0,0,,,,
616,B,0,0,1,0,1,0,1,0,0,0,,,,
428,A,0,0,1,0,1,0,1,0,0,1,0,,,
430,A,0,0,1,0,1,0,1,0,0,1,0,,,
759,X,0,0,1,0,1,0,1,0,0,1,0,,,
239,B,0,0,1,0,1,0,1,0,0,1,1,,,
418,A,0,0,1,0,1,0,1,0,1,0,0,0,,
125,B,0,0,1,0,1,0,1,0,1,0,0,1,,
136,B,0,0,1,0,1,0,1,0,1,0,0,1,,
571,B,0,0,1,0,1,0,1,0,1,0,0,1,,
24,A,0,0,1,0,1,0,1,0,1,0,1,,,
220,B,0,0,1,0,1,0,1,0,1,0,1,,,
435,A,0,0,1,0,1,0,1,0,1,1,0,,,
753,X,0,0,1,0,1,0,1,0,1,1,0,,,
608,B,0,0,1,0,1,0,1,0,1,1,1,0,,
127,B,0,0,1,0,1,0,1,0,1,1,1,1,,
539,B,0,0,1,0,1,0,1,0,1,1,1,1,,
755,X,0,0,1,0,1,0,1,0,1,1,1,1,,
508,B,0,0,1,0,1,0,1,1,0,0,0,,,
578,B,0,0,1,0,1,0,1,1,0,0,0,,,
582,B,0,0,1,0,1,0,1,1,0,0,0,,,
82,A,0,0,1,0,1,0,1,1,0,0,1,,,
493,A,0,0,1,0,1,0,1,1,0,0,1,,,
154,B,0,0,1,0,1,0,1,1,0,1,,,,
478,A,0,0,1,0,1,0,1,1,0,1,,,,
594,B,0,0,1,0,1,0,1,1,0,1,,,,
155,B,0,0,1,0,1,0,1,1,1,0,0,0,,
473,A,0,0,1,0,1,0,1,1,1,0,0,0,,
576,B,0,0,1,0,1,0,1,1,1,0,0,0,,
208,B,0,0,1,0,1,0,1,1,1,0,0,1,,
459,A,0,0,1,0,1,0,1,1,1,0,0,1,,
209,B,0,0,1,0,1,0,1,1,1,0,1,,,
487,A,0,0,1,0,1,0,1,1,1,0,1,,,
415,A,0,0,1,0,1,0,1,1,1,1,0,0,,
574,B,0,0,1,0,1,0,1,1,1,1,0,0,,
619,B,0,0,1,0,1,0,1,1,1,1,0,0,,
392,A,0,0,1,0,1,0,1,1,1,1,0,1,,
389,A,0,0,1,0,1,0,1,1,1,1,1,,,
397,A,0,0,1,0,1,0,1,1,1,1,1,,,
86,A,0,0,1,0,1,1,0,0,0,0,0,,,
412,A,0,0,1,0,1,1,0,0,0,0,0,,,
496,A,0,0,1,0,1,1,0,0,0,0,0,,,
55,A,0,0,1,0,1,1,0,0,0,0,1,,,
232,B,0,0,1,0,1,1,0,0,0,0,1,,,
522,B,0,0,1,0,1,1,0,0,0,1,0,0,,
534,B,0,0,1,0,1,1,0,0,0,1,0,0,,
40,A,0,0,1,0,1,1,0,0,0,1,0,1,,
183,B,0,0,1,0,1,1,0,0,0,1,0,1,,
429,A,0,0,1,0,1,1,0,0,0,1,0,1,,
516,B,0,0,1,0,1,1,0,0,0,1,1,0,,
32,A,0,0,1,0,1,1,0,0,0,1,1,1,,
168,B,0,0,1,0,1,1,0,0,0,1,1,1,,
555,B,0,0,1,0,1,1,0,0,0,1,1,1,,
199,B,0,0,1,0,1,1,0,0,1,0,0,,,
229,B,0,0,1,0,1,1,0,0,1,0,0,,,
381,A,0,0,1,0,1,1,0,0,1,0,0,,,
74,A,0,0,1,0,1,1,0,0,1,0,1,,,
223,B,0,0,1,0,1,1,0,0,1,0,1,,,
444,A,0,0,1,0,1,1,0,0,1,0,1,,,
110,A,0,0,1,0,1,1,0,0,1,1,0,0,0,
207,B,0,0,1,0,1,1,0,0,1,1,0,0,0,
561,B,0,0,1,0,1,1,0,0,1,1,0,0,0,
159,B,0,0,1,0,1,1,0,0,1,1,0,0,1,
11,A,0,0,1,0,1,1,0,0,1,1,0,1,0,0
23,A,0,0,1,0,1,1,0,0,1,1,0,1,0,0
431,A,0,0,1,0,1,1,0,0,1,1,0,1,0,0
743,X,0,0,1,0,1,1,0,0,1,1,0,1,0,1
116,A,0,0,1,0,1,1,0,0,1,1,0,1,1,
200,B,0,0,1,0,1,1,0,0,1,1,0,1,1,
89,A,0,0,1,0,1,1,0,0,1,1,1,,,
102,A,0,0,1,0,1,1,0,1,0,,,,,
133,B,0,0,1,0,1,1,0,1,0,,,,,
591,B,0,0,1,0,1,1,0,1,0,,,,,
596,B,0,0,1,0,1,1,0,1,1,0,,,,
38,A,0,0,1,0,1,1,0,1,1,1,,,,
109,A,0,0,1,0,1,1,0,1,1,1,,,,
746,X,0,0,1,0,1,1,0,1,1,1,,,,
10,A,0,0,1,0,1,1,1,,,,,,,
18,A,0,0,1,0,1,1,1,,,,,,,
26,A,0,0,1,0,1,1,1,,,,,,,
106,A,0,0,1,0,1,1,1,,,,,,,
446,A,0,0,1,1,0,0,0,0,0,0,0,,,
551,B,0,0,1,1,0,0,0,0,0,0,0,,,
211,B,0,0,1,1,0,0,0,0,0,0,1,,,
225,B,0,0,1,1,0,0,0,0,0,0,1,,,
161,B,0,0,1,1,0,0,0,0,0,1,,,,
163,B,0,0,1,1,0,0,0,0,0,1,,,,
144,B,0,0,1,1,0,0,0,0,1,,,,,
174,B,0,0,1,1,0,0,0,0,1,,,,,
185,B,0,0,1,1,0,0,0,0,1,,,,,
210,B,0,0,1,1,0,0,0,0,1,,,,,
217,B,0,0,1,1,0,0,0,0,1,,,,,
227,B,0,0,1,1,0,0,0,0,1,,,,,
143,B,0,0,1,1,0,0,0,1,,,,,,
147,B,0,0,1,1,0,0,0,1,,,,,,
150,B,0,0,1,1,0,0,0,1,,,,,,
171,B,0,0,1,1,0,0,0,1,,,,,,
231,B,0,0,1,1,0,0,0,1,,,,,,
469,A,0,0,1,1,0,0,1,0,0,,,,,
501,B,0,0,1,1,0,0,1,0,0,,,,,
521,B,0,0,1,1,0,0,1,0,0,,,,,
238,B,0,0,1,1,0,0,1,0,1,,,,,
615,B,0,0,1,1,0,0,1,0,1,,,,,
502,B,0,0,1,1,0,0,1,1,,,,,,
121,B,0,0,1,1,0,1,,,,,,,,
132,B,0,0,1,1,0,1,,,,,,,,
146,B,0,0,1,1,0,1,,,,,,,,
148,B,0,0,1,1,0,1,,,,,,,,
152,B,0,0,1,1,0,1,,,,,,,,
157,B,0,0,1,1,0,1,,,,,,,,
166,B,0,0,1,1,0,1,,,,,,,,
213,B,0,0,1,1,0,1,,,,,,,,
219,B,0,0,1,1,0,1,,,,,,,,
221,B,0,0,1,1,0,1,,,,,,,,
180,B,0,0,1,1,1,0,0,0,0,0,0,,,
519,B,0,0,1,1,1,0,0,0,0,0,0,,,
470,A,0,0,1,1,1,0,0,0,0,0,1,0,,
151,B,0,0,1,1,1,0,0,0,0,0,1,1,,
237,B,0,0,1,1,1,0,0,0,0,0,1,1,,
544,B,0,0,1,1,1,0,0,0,0,0,1,1,,
177,B,0,0,1,1,1,0,0,0,0,1,,,,
205,B,0,0,1,1,1,0,0,0,1,0,,,,
400,A,0,0,1,1,1,0,0,0,1,0,,,,
586,B,0,0,1,1,1,0,0,0,1,0,,,,
167,B,0,0,1,1,1,0,0,0,1,1,,,,
393,A,0,0,1,1,1,0,0,0,1,1,,,,
175,B,0,0,1,1,1,0,0,1,0,0,0,0,0,
513,B,0,0,1,1,1,0,0,1,0,0,0,0,0,
538,B,0,0,1,1,1,0,0,1,0,0,0,0,0,
498,A,0,0,1,1,1,0,0,1,0,0,0,0,1,
135,B,0,0,1,1,1,0,0,1,0,0,0,1,,
404,A,0,0,1,1,1,0,0,1,0,0,1,,,
452,A,0,0,1,1,1,0,0,1,0,1,0,,,
482,A,0,0,1,1,1,0,0,1,0,1,0,,,
603,B,0,0,1,1,1,0,0,1,0,1,0,,,
758,X,0,0,1,1,1,0,0,1,0,1,1,,,
523,B,0,0,1,1,1,0,0,1,1,0,0,,,
445,A,0,0,1,1,1,0,0,1,1,0,1,,,
492,A,0,0,1,1,1,0,0,1,1,0,1,,,
540,B,0,0,1,1,1,0,0,1,1,0,1,,,
474,A,0,0,1,1,1,0,0,1,1,1,0,,,
614,B,0,0,1,1,1,0,0,1,1,1,0,,,
198,B,0,0,1,1,1,0,0,1,1,1,1,,,
455,A,0,0,1,1,1,0,0,1,1,1,1,,,
741,X,0,0,1,1,1,0,0,1,1,1,1,,,
145,B,0,0,1,1,1,0,1,0,0,,,,,
479,A,0,0,1,1,1,0,1,0,0,,,,,
532,B,0,0,1,1,1,0,1,0,0,,,,,
194,B,0,0,1,1,1,0,1,0,1,,,,,
172,B,0,0,1,1,1,0,1,1,0,,,,,
413,A,0,0,1,1,1,0,1,1,0,,,,,
509,B,0,0,1,1,1,0,1,1,0,,,,,
189,B,0,0,1,1,1,0,1,1,1,,,,,
191,B,0,0,1,1,1,1,0,0,0,,,,,
222,B,0,0,1,1,1,1,0,0,0,,,,,
549,B,0,0,1,1,1,1,0,0,0,,,,,
557,B,0,0,1,1,1,1,0,0,0,,,,,
609,B,0,0,1,1,1,1,0,0,0,,,,,
407,A,0,0,1,1,1,1,0,0,1,0,0,0,,
448,A,0,0,1,1,1,1,0,0,1,0,0,0,,
512,B,0,0,1,1,1,1,0,0,1,0,0,0,,
139,B,0,0,1,1,1,1,0,0,1,0,0,1,,
468,A,0,0,1,1,1,1,0,0,1,0,0,1,,
745,X,0,0,1,1,1,1,0,0,1,0,0,1,,
142,B,0,0,1,1,1,1,0,0,1,0,1,,,
206,B,0,0,1,1,1,1,0,0,1,1,,,,
394,A,0,0,1,1,1,1,0,1,0,0,,,,
416,A,0,0,1,1,1,1,0,1,0,0,,,,
149,B,0,0,1,1,1,1,0,1,0,1,,,,
173,B,0,0,1,1,1,1,0,1,0,1,,,,
749,X,0,0,1,1,1,1,0,1,0,1,,,,
439,A,0,0,1,1,1,1,0,1,1,0,0,0,,
178,B,0,0,1,1,1,1,0,1,1,0,0,1,0,
188,B,0,0,1,1,1,1,0,1,1,0,0,1,0,
212,B,0,0,1,1,1,1,0,1,1,0,0,1,0,
134,B,0,0,1,1,1,1,0,1,1,0,0,1,1,
494,A,0,0,1,1,1,1,0,1,1,0,0,1,1,
124,B,0,0,1,1,1,1,0,1,1,0,1,,,
214,B,0,0,1,1,1,1,0,1,1,0,1,,,
228,B,0,0,1,1,1,1,0,1,1,0,1,,,
572,B,0,0,1,1,1,1,0,1,1,0,1,,,
584,B,0,0,1,1,1,1,0,1,1,0,1,,,
129,B,0,0,1,1,1,1,0,1,1,1,,,,
202,B,0,0,1,1,1,1,0,1,1,1,,,,
130,B,0,0,1,1,1,1,1,0,,,,,,
137,B,0,0,1,1,1,1,1,0,,,,,,
138,B,0,0,1,1,1,1,1,0,,,,,,
153,B,0,0,1,1,1,1,1,0,,,,,,
162,B,0,0,1,1,1,1,1,0,,,,,,
190,B,0,0,1,1,1,1,1,0,,,,,,
233,B,0,0,1,1,1,1,1,0,,,,,,
236,B,0,0,1,1,1,1,1,0,,,,,,
520,B,0,0,1,1,1,1,1,0,,,,,,
141,B,0,0,1,1,1,1,1,1,0,,,,,
464,A,0,0,1,1,1,1,1,1,0,,,,,
598,B,0,0,1,1,1,1,1,1,0,,,,,
122,B,0,0,1,1,1,1,1,1,1,,,,,
184,B,0,0,1,1,1,1,1,1,1,,,,,
622,C,0,1,0,0,,,,,,,,,,
623,C,0,1,0,0,,,,,,,,,,
624,C,0,1,0,0,,,,,,,,,,
627,C,0,1,0,0,,,,,,,,,,
632,C,0,1,0,0,,,,,,,,,,
634,C,0,1,0,0,,,,,,,,,,
639,C,0,1,0,0,,,,,,,,,,
641,C,0,1,0,0,,,,,,,,,,
642,C,0,1,0,0,,,,,,,,,,
649,C,0,1,0,0,,,,,,,,,,
650,C,0,1,0,0,,,,,,,,,,
654,C,0,1,0,0,,,,,,,,,,
655,C,0,1,0,0,,,,,,,,,,
661,C,0,1,0,0,,,,,,,,,,
662,C,0,1,0,0,,,,,,,,,,
665,C,0,1,0,0,,,,,,,,,,
674,C,0,1,0,0,,,,,,,,,,
675,C,0,1,0,0,,,,,,,,,,
677,C,0,1,0,0,,,,,,,,,,
678,C,0,1,0,0,,,,,,,,,,
686,C,0,1,0,0,,,,,,,,,,
690,C,0,1,0,0,,,,,,,,,,
692,C,0,1,0,0,,,,,,,,,,
701,C,0,1,0,0,,,,,,,,,,
702,C,0,1,0,0,,,,,,,,,,
703,C,0,1,0,0,,,,,,,,,,
709,C,0,1,0,0,,,,,,,,,,
711,C,0,1,0,0,,,,,,,,,,
716,C,0,1,0,0,,,,,,,,,,
717,C,0,1,0,0,,,,,,,,,,
719,C,0,1,0,0,,,,,,,,,,
720,C,0,1,0,0,,,,,,,,,,
727,C,0,1,0,0,,,,,,,,,,
735,C,0,1,0,0,,,,,,,,,,
156,B,0,1,0,1,0,0,0,,,,,,,
699,C,0,1,0,1,0,0,0,,,,,,,
731,C,0,1,0,1,0,0,0,,,,,,,
204,B,0,1,0,1,0,0,1,,,,,,,
140,B,0,1,0,1,0,1,,,,,,,,
182,B,0,1,0,1,0,1,,,,,,,,
187,B,0,1,0,1,0,1,,,,,,,,
673,C,0,1,0,1,1,,,,,,,,,
679,C,0,1,0,1,1,,,,,,,,,
688,C,0,1,0,1,1,,,,,,,,,
721,C,0,1,0,1,1,,,,,,,,,
738,C,0,1,0,1,1,,,,,,,,,
620,C,0,1,1,,,,,,,,,,,
621,C,0,1,1,,,,,,,,,,,
625,C,0,1,1,,,,,,,,,,,
626,C,0,1,1,,,,,,,,,,,
628,C,0,1,1,,,,,,,,,,,
629,C,0,1,1,,,,,,,,,,,
630,C,0,1,1,,,,,,,,,,,
631,C,0,1,1,,,,,,,,,,,
633,C,0,1,1,,,,,,,,,,,
635,C,0,1,1,,,,,,,,,,,
636,C,0,1,1,,,,,,,,,,,
637,C,0,1,1,,,,,,,,,,,
638,C,0,1,1,,,,,,,,,,,
640,C,0,1,1,,,,,,,,,,,
643,C,0,1,1,,,,,,,,,,,
644,C,0,1,1,,,,,,,,,,,
645,C,0,1,1,,,,,,,,,,,
646,C,0,1,1,,,,,,,,,,,
647,C,0,1,1,,,,,,,,,,,
648,C,0,1,1,,,,,,,,,,,
651,C,0,1,1,,,,,,,,,,,
652,C,0,1,1,,,,,,,,,,,
653,C,0,1,1,,,,,,,,,,,
656,C,0,1,1,,,,,,,,,,,
657,C,0,1,1,,,,,,,,,,,
658,C,0,1,1,,,,,,,,,,,
659,C,0,1,1,,,,,,,,,,,
660,C,0,1,1,,,,,,,,,,,
663,C,0,1,1,,,,,,,,,,,
664,C,0,1,1,,,,,,,,,,,
666,C,0,1,1,,,,,,,,,,,
667,C,0,1,1,,,,,,,,,,,
668,C,0,1,1,,,,,,,,,,,
669,C,0,1,1,,,,,,,,,,,
670,C,0,1,1,,,,,,,,,,,
671,C,0,1,1,,,,,,,,,,,
672,C,0,1,1,,,,,,,,,,,
676,C,0,1,1,,,,,,,,,,,
680,C,0,1,1,,,,,,,,,,,
681,C,0,1,1,,,,,,,,,,,
682,C,0,1,1,,,,,,,,,,,
683,C,0,1,1,,,,,,,,,,,
684,C,0,1,1,,,,,,,,,,,
685,C,0,1,1,,,,,,,,,,,
687,C,0,1,1,,,,,,,,,,,
689,C,0,1,1,,,,,,,,,,,
691,C,0,1,1,,,,,,,,,,,
693,C,0,1,1,,,,,,,,,,,
694,C,0,1,1,,,,,,,,,,,
695,C,0,1,1,,,,,,,,,,,
696,C,0,1,1,,,,,,,,,,,
697,C,0,1,1,,,,,,,,,,,
698,C,0,1,1,,,,,,,,,,,
700,C,0,1,1,,,,,,,,,,,
704,C,0,1,1,,,,,,,,,,,
705,C,0,1,1,,,,,,,,,,,
706,C,0,1,1,,,,,,,,,,,
707,C,0,1,1,,,,,,,,,,,
708,C,0,1,1,,,,,,,,,,,
710,C,0,1,1,,,,,,,,,,,
712,C,0,1,1,,,,,,,,,,,
713,C,0,1,1,,,,,,,,,,,
714,C,0,1,1,,,,,,,,,,,
715,C,0,1,1,,,,,,,,,,,
718,C,0,1,1,,,,,,,,,,,
722,C,0,1,1,,,,,,,,,,,
723,C,0,1,1,,,,,,,,,,,
724,C,0,1,1,,,,,,,,,,,
725,C,0,1,1,,,,,,,,,,,
726,C,0,1,1,,,,,,,,,,,
728,C,0,1,1,,,,,,,,,,,
729,C,0,1,1,,,,,,,,,,,
730,C,0,1,1,,,,,,,,,,,
732,C,0,1,1,,,,,,,,,,,
733,C,0,1,1,,,,,,,,,,,
734,C,0,1,1,,,,,,,,,,,
736,C,0,1,1,,,,,,,,,,,
737,C,0,1,1,,,,,,,,,,,
739,C,0,1,1,,,,,,,,,,,
242,C,1,0,,,,,,,,,,,,
245,C,1,0,,,,,,,,,,,,
248,C,1,0,,,,,,,,,,,,
249,C,1,0,,,,,,,,,,,,
251,C,1,0,,,,,,,,,,,,
252,C,1,0,,,,,,,,,,,,
256,C,1,0,,,,,,,,,,,,
257,C,1,0,,,,,,,,,,,,
258,C,1,0,,,,,,,,,,,,
259,C,1,0,,,,,,,,,,,,
260,C,1,0,,,,,,,,,,,,
261,C,1,0,,,,,,,,,,,,
263,C,1,0,,,,,,,,,,,,
268,C,1,0,,,,,,,,,,,,
271,C,1,0,,,,,,,,,,,,
272,C,1,0,,,,,,,,,,,,
273,C,1,0,,,,,,,,,,,,
275,C,1,0,,,,,,,,,,,,
277,C,1,0,,,,,,,,,,,,
280,C,1,0,,,,,,,,,,,,
281,C,1,0,,,,,,,,,,,,
282,C,1,0,,,,,,,,,,,,
284,C,1,0,,,,,,,,,,,,
285,C,1,0,,,,,,,,,,,,
287,C,1,0,,,,,,,,,,,,
288,C,1,0,,,,,,,,,,,,
290,C,1,0,,,,,,,,,,,,
293,C,1,0,,,,,,,,,,,,
294,C,1,0,,,,,,,,,,,,
295,C,1,0,,,,,,,,,,,,
296,C,1,0,,,,,,,,,,,,
297,C,1,0,,,,,,,,,,,,
300,C,1,0,,,,,,,,,,,,
301,C,1,0,,,,,,,,,,,,
304,C,1,0,,,,,,,,,,,,
305,C,1,0,,,,,,,,,,,,
306,C,1,0,,,,,,,,,,,,
308,C,1,0,,,,,,,,,,,,
309,C,1,0,,,,,,,,,,,,
310,C,1,0,,,,,,,,,,,,
312,C,1,0,,,,,,,,,,,,
314,C,1,0,,,,,,,,,,,,
315,C,1,0,,,,,,,,,,,,
316,C,1,0,,,,,,,,,,,,
318,C,1,0,,,,,,,,,,,,
320,C,1,0,,,,,,,,,,,,
321,C,1,0,,,,,,,,,,,,
324,C,1,0,,,,,,,,,,,,
326,C,1,0,,,,,,,,,,,,
327,C,1,0,,,,,,,,,,,,
329,C,1,0,,,,,,,,,,,,
334,C,1,0,,,,,,,,,,,,
336,C,1,0,,,,,,,,,,,,
340,C,1,0,,,,,,,,,,,,
341,C,1,0,,,,,,,,,,,,
342,C,1,0,,,,,,,,,,,,
344,C,1,0,,,,,,,,,,,,
346,C,1,0,,,,,,,,,,,,
349,C,1,0,,,,,,,,,,,,
351,C,1,0,,,,,,,,,,,,
352,C,1,0,,,,,,,,,,,,
355,C,1,0,,,,,,,,,,,,
357,C,1,0,,,,,,,,,,,,
358,C,1,0,,,,,,,,,,,,
240,C,1,1,0,,,,,,,,,,,
243,C,1,1,0,,,,,,,,,,,
244,C,1,1,0,,,,,,,,,,,
246,C,1,1,0,,,,,,,,,,,
250,C,1,1,0,,,,,,,,,,,
253,C,1,1,0,,,,,,,,,,,
254,C,1,1,0,,,,,,,,,,,
255,C,1,1,0,,,,,,,,,,,
262,C,1,1,0,,,,,,,,,,,
264,C,1,1,0,,,,,,,,,,,
265,C,1,1,0,,,,,,,,,,,
266,C,1,1,0,,,,,,,,,,,
269,C,1,1,0,,,,,,,,,,,
270,C,1,1,0,,,,,,,,,,,
274,C,1,1,0,,,,,,,,,,,
276,C,1,1,0,,,,,,,,,,,
278,C,1,1,0,,,,,,,,,,,
279,C,1,1,0,,,,,,,,,,,
283,C,1,1,0,,,,,,,,,,,
286,C,1,1,0,,,,,,,,,,,
289,C,1,1,0,,,,,,,,,,,
291,C,1,1,0,,,,,,,,,,,
298,C,1,1,0,,,,,,,,,,,
299,C,1,1,0,,,,,,,,,,,
302,C,1,1,0,,,,,,,,,,,
303,C,1,1,0,,,,,,,,,,,
307,C,1,1,0,,,,,,,,,,,
311,C,1,1,0,,,,,,,,,,,
313,C,1,1,0,,,,,,,,,,,
319,C,1,1,0,,,,,,,,,,,
322,C,1,1,0,,,,,,,,,,,
323,C,1,1,0,,,,,,,,,,,
325,C,1,1,0,,,,,,,,,,,
330,C,1,1,0,,,,,,,,,,,
332,C,1,1,0,,,,,,,,,,,
333,C,1,1,0,,,,,,,,,,,
335,C,1,1,0,,,,,,,,,,,
343,C,1,1,0,,,,,,,,,,,
345,C,1,1,0,,,,,,,,,,,
347,C,1,1,0,,,,,,,,,,,
353,C,1,1,0,,,,,,,,,,,
354,C,1,1,0,,,,,,,,,,,
356,C,1,1,0,,,,,,,,,,,
359,C,1,1,0,,,,,,,,,,,
247,C,1,1,1,0,0,0,,,,,,,,
338,C,1,1,1,0,0,0,,,,,,,,
403,A,1,1,1,0,0,0,,,,,,,,
267,C,1,1,1,0,0,1,,,,,,,,
317,C,1,1,1,0,0,1,,,,,,,,
328,C,1,1,1,0,0,1,,,,,,,,
331,C,1,1,1,0,0,1,,,,,,,,
339,C,1,1,1,0,0,1,,,,,,,,
21,A,1,1,1,0,1,,,,,,,,,
100,A,1,1,1,0,1,,,,,,,,,
292,C,1,1,1,0,1,,,,,,,,,
241,C,1,1,1,1,,,,,,,,,,
337,C,1,1,1,1,,,,,,,,,,
348,C,1,1,1,1,,,,,,,,,,
350,C,1,1,1,1,,,,,,,,,,
